[{"model": "admin.logentry", "pk": 1, "fields": {"action_time": "2024-09-05T14:55:01.669Z", "user": 1, "content_type": 6, "object_id": "HQNfdqp", "object_repr": "White House", "action_flag": 1, "change_message": "[{\"added\": {}}]"}}, {"model": "admin.logentry", "pk": 2, "fields": {"action_time": "2024-09-05T14:57:32.424Z", "user": 1, "content_type": 6, "object_id": "HQNfdqp", "object_repr": "White House", "action_flag": 2, "change_message": "[{\"added\": {\"name\": \"hostel gallery\", \"object\": \"White House\"}}]"}}, {"model": "admin.logentry", "pk": 3, "fields": {"action_time": "2024-09-05T14:58:59.771Z", "user": 1, "content_type": 6, "object_id": "HQNfdqp", "object_repr": "White House", "action_flag": 2, "change_message": "[{\"changed\": {\"fields\": [\"Image\"]}}]"}}, {"model": "admin.logentry", "pk": 4, "fields": {"action_time": "2024-09-05T15:06:10.836Z", "user": 1, "content_type": 6, "object_id": "LTXvAgT", "object_repr": "White House1", "action_flag": 1, "change_message": "[{\"added\": {}}]"}}, {"model": "admin.logentry", "pk": 5, "fields": {"action_time": "2024-09-05T15:06:20.445Z", "user": 1, "content_type": 6, "object_id": "HQNfdqp", "object_repr": "White House", "action_flag": 2, "change_message": "[{\"changed\": {\"fields\": [\"User\"]}}]"}}, {"model": "admin.logentry", "pk": 6, "fields": {"action_time": "2024-09-05T15:07:21.945Z", "user": 1, "content_type": 6, "object_id": "LTXvAgT", "object_repr": "White House1", "action_flag": 3, "change_message": ""}}, {"model": "admin.logentry", "pk": 7, "fields": {"action_time": "2024-09-05T15:10:19.215Z", "user": 1, "content_type": 8, "object_id": "1", "object_repr": "White House", "action_flag": 2, "change_message": "[{\"changed\": {\"fields\": [\"Image\"]}}]"}}, {"model": "admin.logentry", "pk": 8, "fields": {"action_time": "2024-09-05T15:10:36.356Z", "user": 1, "content_type": 8, "object_id": "1", "object_repr": "White House", "action_flag": 2, "change_message": "[{\"changed\": {\"fields\": [\"Image\"]}}]"}}, {"model": "admin.logentry", "pk": 9, "fields": {"action_time": "2024-09-05T15:15:41.941Z", "user": 1, "content_type": 6, "object_id": "9K1qgYv", "object_repr": "Jabi Hostel", "action_flag": 1, "change_message": "[{\"added\": {}}]"}}, {"model": "admin.logentry", "pk": 10, "fields": {"action_time": "2024-09-05T15:22:05.439Z", "user": 1, "content_type": 6, "object_id": "HQNfdqp", "object_repr": "White House", "action_flag": 2, "change_message": "[{\"changed\": {\"fields\": [\"Image\"]}}, {\"added\": {\"name\": \"hostel gallery\", \"object\": \"White House\"}}, {\"added\": {\"name\": \"hostel gallery\", \"object\": \"White House\"}}, {\"changed\": {\"name\": \"hostel gallery\", \"object\": \"White House\", \"fields\": [\"Image\"]}}]"}}, {"model": "admin.logentry", "pk": 11, "fields": {"action_time": "2024-09-05T15:23:29.850Z", "user": 1, "content_type": 6, "object_id": "9K1qgYv", "object_repr": "Jabi Hostel", "action_flag": 2, "change_message": "[{\"changed\": {\"fields\": [\"Image\"]}}, {\"added\": {\"name\": \"hostel gallery\", \"object\": \"Jabi Hostel\"}}, {\"added\": {\"name\": \"hostel gallery\", \"object\": \"Jabi Hostel\"}}]"}}, {"model": "admin.logentry", "pk": 12, "fields": {"action_time": "2024-09-05T15:40:55.147Z", "user": 1, "content_type": 6, "object_id": "HQNfdqp", "object_repr": "White House", "action_flag": 2, "change_message": "[{\"changed\": {\"fields\": [\"Active\"]}}]"}}, {"model": "admin.logentry", "pk": 13, "fields": {"action_time": "2024-09-05T15:41:00.919Z", "user": 1, "content_type": 6, "object_id": "HQNfdqp", "object_repr": "White House", "action_flag": 2, "change_message": "[]"}}, {"model": "admin.logentry", "pk": 14, "fields": {"action_time": "2024-09-05T15:41:06.979Z", "user": 1, "content_type": 6, "object_id": "9K1qgYv", "object_repr": "Jabi Hostel", "action_flag": 2, "change_message": "[{\"changed\": {\"fields\": [\"Active\"]}}]"}}, {"model": "admin.logentry", "pk": 15, "fields": {"action_time": "2024-09-05T16:07:44.189Z", "user": 1, "content_type": 6, "object_id": "HQNfdqp", "object_repr": "White House", "action_flag": 2, "change_message": "[{\"changed\": {\"fields\": [\"Active\"]}}]"}}, {"model": "admin.logentry", "pk": 16, "fields": {"action_time": "2024-09-05T16:07:50.545Z", "user": 1, "content_type": 6, "object_id": "9K1qgYv", "object_repr": "Jabi Hostel", "action_flag": 2, "change_message": "[{\"changed\": {\"fields\": [\"Active\"]}}]"}}, {"model": "admin.logentry", "pk": 17, "fields": {"action_time": "2024-09-05T16:09:04.880Z", "user": 1, "content_type": 6, "object_id": "HQNfdqp", "object_repr": "White House", "action_flag": 2, "change_message": "[{\"changed\": {\"fields\": [\"Active\"]}}]"}}, {"model": "admin.logentry", "pk": 18, "fields": {"action_time": "2024-09-05T16:09:11.238Z", "user": 1, "content_type": 6, "object_id": "9K1qgYv", "object_repr": "Jabi Hostel", "action_flag": 2, "change_message": "[{\"changed\": {\"fields\": [\"Active\"]}}]"}}, {"model": "admin.logentry", "pk": 19, "fields": {"action_time": "2024-09-05T16:11:14.531Z", "user": 1, "content_type": 6, "object_id": "HQNfdqp", "object_repr": "White House", "action_flag": 2, "change_message": "[{\"changed\": {\"fields\": [\"Active\"]}}]"}}, {"model": "admin.logentry", "pk": 20, "fields": {"action_time": "2024-09-05T16:11:20.936Z", "user": 1, "content_type": 6, "object_id": "9K1qgYv", "object_repr": "Jabi Hostel", "action_flag": 2, "change_message": "[{\"changed\": {\"fields\": [\"Active\"]}}]"}}, {"model": "admin.logentry", "pk": 21, "fields": {"action_time": "2024-09-05T19:34:24.209Z", "user": 1, "content_type": 9, "object_id": "1", "object_repr": "White House - Standard - 200000.0", "action_flag": 1, "change_message": "[{\"added\": {}}]"}}, {"model": "admin.logentry", "pk": 22, "fields": {"action_time": "2024-09-05T19:34:59.134Z", "user": 1, "content_type": 9, "object_id": "2", "object_repr": "Jabi Hostel - Standard - 200000.0", "action_flag": 1, "change_message": "[{\"added\": {}}]"}}, {"model": "admin.logentry", "pk": 23, "fields": {"action_time": "2024-09-05T19:35:21.713Z", "user": 1, "content_type": 9, "object_id": "3", "object_repr": "White House - Silver - 400000.0", "action_flag": 1, "change_message": "[{\"added\": {}}]"}}, {"model": "admin.logentry", "pk": 24, "fields": {"action_time": "2024-09-06T13:47:50.568Z", "user": 1, "content_type": 10, "object_id": "None", "object_repr": "White House - 21 - True", "action_flag": 1, "change_message": "[{\"added\": {}}]"}}, {"model": "admin.logentry", "pk": 25, "fields": {"action_time": "2024-09-06T13:48:24.738Z", "user": 1, "content_type": 10, "object_id": "None", "object_repr": "Jabi Hostel - 2 - True", "action_flag": 1, "change_message": "[{\"added\": {}}]"}}, {"model": "admin.logentry", "pk": 26, "fields": {"action_time": "2024-09-06T13:50:03.580Z", "user": 1, "content_type": 10, "object_id": "1", "object_repr": "White House - 21 - True", "action_flag": 1, "change_message": "[{\"added\": {}}]"}}, {"model": "admin.logentry", "pk": 27, "fields": {"action_time": "2024-09-06T13:50:19.893Z", "user": 1, "content_type": 10, "object_id": "2", "object_repr": "White House - 11 - True", "action_flag": 1, "change_message": "[{\"added\": {}}]"}}, {"model": "admin.logentry", "pk": 28, "fields": {"action_time": "2024-09-06T13:50:38.135Z", "user": 1, "content_type": 10, "object_id": "3", "object_repr": "Jabi Hostel - 3a - True", "action_flag": 1, "change_message": "[{\"added\": {}}]"}}, {"model": "admin.logentry", "pk": 29, "fields": {"action_time": "2024-09-06T13:53:01.462Z", "user": 1, "content_type": 10, "object_id": "4", "object_repr": "White House - 7 - True", "action_flag": 1, "change_message": "[{\"added\": {}}]"}}, {"model": "admin.logentry", "pk": 30, "fields": {"action_time": "2024-09-06T15:27:36.432Z", "user": 1, "content_type": 10, "object_id": "2", "object_repr": "White House - 11 - True", "action_flag": 2, "change_message": "[]"}}, {"model": "admin.logentry", "pk": 31, "fields": {"action_time": "2024-09-06T18:14:12.536Z", "user": 1, "content_type": 12, "object_id": "7fmRrYo", "object_repr": "Tony Ogaje", "action_flag": 2, "change_message": "[{\"changed\": {\"fields\": [\"Fullname\"]}}]"}}, {"model": "admin.logentry", "pk": 32, "fields": {"action_time": "2024-09-06T18:14:19.907Z", "user": 1, "content_type": 12, "object_id": "7fmRrYo", "object_repr": "Tony Ogaje", "action_flag": 2, "change_message": "[]"}}, {"model": "admin.logentry", "pk": 33, "fields": {"action_time": "2024-09-06T18:14:30.043Z", "user": 1, "content_type": 12, "object_id": "7fmRrYo", "object_repr": "Tony Ogaje", "action_flag": 2, "change_message": "[]"}}, {"model": "admin.logentry", "pk": 34, "fields": {"action_time": "2024-09-06T18:18:30.986Z", "user": 1, "content_type": 12, "object_id": "7fmRrYo", "object_repr": "Tony Ogaje", "action_flag": 2, "change_message": "[{\"changed\": {\"fields\": [\"Email\", \"Phone\"]}}]"}}, {"model": "admin.logentry", "pk": 35, "fields": {"action_time": "2024-09-06T18:54:06.626Z", "user": 1, "content_type": 11, "object_id": "3", "object_repr": "steeze@gmail.com", "action_flag": 1, "change_message": "[{\"added\": {}}]"}}, {"model": "admin.logentry", "pk": 36, "fields": {"action_time": "2024-09-06T18:56:36.265Z", "user": 1, "content_type": 12, "object_id": "mzmMQE6", "object_repr": "m7934", "action_flag": 2, "change_message": "[{\"changed\": {\"fields\": [\"Student id\"]}}]"}}, {"model": "admin.logentry", "pk": 37, "fields": {"action_time": "2024-09-06T19:35:58.648Z", "user": 1, "content_type": 12, "object_id": "7fmRrYo", "object_repr": "Tony Ogaje", "action_flag": 2, "change_message": "[{\"changed\": {\"fields\": [\"Student id\"]}}]"}}, {"model": "admin.logentry", "pk": 38, "fields": {"action_time": "2024-09-06T19:39:50.669Z", "user": 1, "content_type": 13, "object_id": "2", "object_repr": "White House - fS0MuGmfEd - Processing- White House - 21 - False", "action_flag": 3, "change_message": ""}}, {"model": "admin.logentry", "pk": 39, "fields": {"action_time": "2024-09-06T19:39:50.692Z", "user": 1, "content_type": 13, "object_id": "1", "object_repr": "White House - xKWquJNtV4 - Processing- White House - 21 - False", "action_flag": 3, "change_message": ""}}, {"model": "admin.logentry", "pk": 40, "fields": {"action_time": "2024-09-06T19:49:30.443Z", "user": 1, "content_type": 13, "object_id": "4", "object_repr": "White House - tPcP4J174v - Processing- White House - 11 - False", "action_flag": 3, "change_message": ""}}, {"model": "admin.logentry", "pk": 41, "fields": {"action_time": "2024-09-06T19:49:30.460Z", "user": 1, "content_type": 13, "object_id": "3", "object_repr": "White House - ARrTteDSKX - Processing- White House - 11 - False", "action_flag": 3, "change_message": ""}}, {"model": "admin.logentry", "pk": 42, "fields": {"action_time": "2024-09-06T19:50:12.377Z", "user": 1, "content_type": 10, "object_id": "2", "object_repr": "White House - 11 - False", "action_flag": 2, "change_message": "[{\"changed\": {\"fields\": [\"Is available\"]}}]"}}, {"model": "admin.logentry", "pk": 43, "fields": {"action_time": "2024-09-06T19:50:32.691Z", "user": 1, "content_type": 10, "object_id": "2", "object_repr": "White House - 11 - False", "action_flag": 2, "change_message": "[{\"changed\": {\"fields\": [\"Is available\"]}}]"}}, {"model": "admin.logentry", "pk": 44, "fields": {"action_time": "2024-09-06T19:53:44.817Z", "user": 1, "content_type": 10, "object_id": "2", "object_repr": "White House - 11 - True", "action_flag": 2, "change_message": "[{\"changed\": {\"fields\": [\"Is available\"]}}]"}}, {"model": "admin.logentry", "pk": 45, "fields": {"action_time": "2024-09-06T19:53:50.732Z", "user": 1, "content_type": 10, "object_id": "1", "object_repr": "White House - 21 - True", "action_flag": 2, "change_message": "[{\"changed\": {\"fields\": [\"Is available\"]}}]"}}, {"model": "admin.logentry", "pk": 46, "fields": {"action_time": "2024-09-06T20:09:42.963Z", "user": 1, "content_type": 10, "object_id": "2", "object_repr": "White House - 11 - False", "action_flag": 2, "change_message": "[{\"changed\": {\"fields\": [\"Is available\"]}}]"}}, {"model": "admin.logentry", "pk": 47, "fields": {"action_time": "2024-09-06T20:09:51.895Z", "user": 1, "content_type": 10, "object_id": "2", "object_repr": "White House - 11 - False", "action_flag": 2, "change_message": "[{\"changed\": {\"fields\": [\"Is available\"]}}]"}}, {"model": "admin.logentry", "pk": 48, "fields": {"action_time": "2024-09-06T20:10:00.444Z", "user": 1, "content_type": 10, "object_id": "2", "object_repr": "White House - 11 - False", "action_flag": 2, "change_message": "[{\"changed\": {\"fields\": [\"Is available\"]}}]"}}, {"model": "admin.logentry", "pk": 49, "fields": {"action_time": "2024-09-06T20:29:16.523Z", "user": 1, "content_type": 13, "object_id": "8", "object_repr": "Jabi Hostel - bplMupu0f0 - Processing- Jabi Hostel - 3a - False", "action_flag": 3, "change_message": ""}}, {"model": "admin.logentry", "pk": 50, "fields": {"action_time": "2024-09-06T20:29:16.543Z", "user": 1, "content_type": 13, "object_id": "7", "object_repr": "Jabi Hostel - qZzDEZQmBc - Processing- Jabi Hostel - 3a - False", "action_flag": 3, "change_message": ""}}, {"model": "admin.logentry", "pk": 51, "fields": {"action_time": "2024-09-06T20:29:16.565Z", "user": 1, "content_type": 13, "object_id": "6", "object_repr": "White House - ICVL8ssQBr - Processing- White House - 21 - False", "action_flag": 3, "change_message": ""}}, {"model": "admin.logentry", "pk": 52, "fields": {"action_time": "2024-09-06T20:29:16.586Z", "user": 1, "content_type": 13, "object_id": "5", "object_repr": "White House - Z5y75tpyyX - Processing- White House - 7 - False", "action_flag": 3, "change_message": ""}}, {"model": "admin.logentry", "pk": 53, "fields": {"action_time": "2024-09-06T20:29:30.792Z", "user": 1, "content_type": 10, "object_id": "1", "object_repr": "White House - 21 - False", "action_flag": 2, "change_message": "[{\"changed\": {\"fields\": [\"Is available\"]}}]"}}, {"model": "admin.logentry", "pk": 54, "fields": {"action_time": "2024-09-06T20:29:36.622Z", "user": 1, "content_type": 10, "object_id": "4", "object_repr": "White House - 7 - False", "action_flag": 2, "change_message": "[{\"changed\": {\"fields\": [\"Is available\"]}}]"}}, {"model": "admin.logentry", "pk": 55, "fields": {"action_time": "2024-09-06T20:31:57.983Z", "user": 1, "content_type": 10, "object_id": "4", "object_repr": "White House - 7 - False", "action_flag": 2, "change_message": "[{\"changed\": {\"fields\": [\"Is available\"]}}]"}}, {"model": "admin.logentry", "pk": 56, "fields": {"action_time": "2024-09-06T20:32:03.626Z", "user": 1, "content_type": 10, "object_id": "2", "object_repr": "White House - 11 - False", "action_flag": 2, "change_message": "[{\"changed\": {\"fields\": [\"Is available\"]}}]"}}, {"model": "admin.logentry", "pk": 57, "fields": {"action_time": "2024-09-06T20:32:29.554Z", "user": 1, "content_type": 10, "object_id": "4", "object_repr": "White House - 7 - True", "action_flag": 2, "change_message": "[{\"changed\": {\"fields\": [\"Is available\"]}}]"}}, {"model": "admin.logentry", "pk": 58, "fields": {"action_time": "2024-09-06T20:32:33.581Z", "user": 1, "content_type": 10, "object_id": "3", "object_repr": "Jabi Hostel - 3a - True", "action_flag": 2, "change_message": "[{\"changed\": {\"fields\": [\"Is available\"]}}]"}}, {"model": "admin.logentry", "pk": 59, "fields": {"action_time": "2024-09-06T20:32:43.367Z", "user": 1, "content_type": 10, "object_id": "2", "object_repr": "White House - 11 - True", "action_flag": 2, "change_message": "[{\"changed\": {\"fields\": [\"Current occupancy\", \"Is available\"]}}]"}}, {"model": "admin.logentry", "pk": 60, "fields": {"action_time": "2024-09-06T20:33:04.710Z", "user": 1, "content_type": 10, "object_id": "1", "object_repr": "White House - 21 - True", "action_flag": 2, "change_message": "[{\"changed\": {\"fields\": [\"Capacity\", \"Is available\"]}}]"}}, {"model": "admin.logentry", "pk": 61, "fields": {"action_time": "2024-09-06T20:33:19.732Z", "user": 1, "content_type": 10, "object_id": "4", "object_repr": "White House - 7 - True", "action_flag": 2, "change_message": "[{\"changed\": {\"fields\": [\"Current occupancy\"]}}]"}}, {"model": "admin.logentry", "pk": 62, "fields": {"action_time": "2024-09-06T20:33:25.963Z", "user": 1, "content_type": 10, "object_id": "3", "object_repr": "Jabi Hostel - 3a - True", "action_flag": 2, "change_message": "[{\"changed\": {\"fields\": [\"Current occupancy\"]}}]"}}, {"model": "admin.logentry", "pk": 63, "fields": {"action_time": "2024-09-06T20:33:35.025Z", "user": 1, "content_type": 10, "object_id": "2", "object_repr": "White House - 11 - True", "action_flag": 2, "change_message": "[{\"changed\": {\"fields\": [\"Capacity\", \"Current occupancy\"]}}]"}}, {"model": "admin.logentry", "pk": 64, "fields": {"action_time": "2024-09-06T20:33:41.029Z", "user": 1, "content_type": 10, "object_id": "1", "object_repr": "White House - 21 - True", "action_flag": 2, "change_message": "[{\"changed\": {\"fields\": [\"Current occupancy\"]}}]"}}, {"model": "admin.logentry", "pk": 65, "fields": {"action_time": "2024-09-06T20:34:34.930Z", "user": 1, "content_type": 10, "object_id": "1", "object_repr": "White House - 21 - False", "action_flag": 2, "change_message": "[{\"changed\": {\"fields\": [\"Is available\"]}}]"}}, {"model": "admin.logentry", "pk": 66, "fields": {"action_time": "2024-09-06T20:34:44.244Z", "user": 1, "content_type": 10, "object_id": "1", "object_repr": "White House - 21 - True", "action_flag": 2, "change_message": "[{\"changed\": {\"fields\": [\"Current occupancy\", \"Is available\"]}}]"}}, {"model": "admin.logentry", "pk": 67, "fields": {"action_time": "2024-09-06T21:40:01.146Z", "user": 1, "content_type": 10, "object_id": "4", "object_repr": "White House - 7 - True", "action_flag": 2, "change_message": "[{\"changed\": {\"fields\": [\"Current occupancy\", \"Is available\"]}}]"}}, {"model": "admin.logentry", "pk": 68, "fields": {"action_time": "2024-09-06T21:40:08.933Z", "user": 1, "content_type": 10, "object_id": "2", "object_repr": "White House - 11 - True", "action_flag": 2, "change_message": "[{\"changed\": {\"fields\": [\"Current occupancy\"]}}]"}}, {"model": "admin.logentry", "pk": 69, "fields": {"action_time": "2024-09-06T21:40:18.247Z", "user": 1, "content_type": 10, "object_id": "1", "object_repr": "White House - 21 - True", "action_flag": 2, "change_message": "[{\"changed\": {\"fields\": [\"Current occupancy\"]}}]"}}, {"model": "admin.logentry", "pk": 70, "fields": {"action_time": "2024-09-07T19:07:09.068Z", "user": 1, "content_type": 14, "object_id": "1", "object_repr": "Bed A in Room  qR6zryOY5D", "action_flag": 1, "change_message": "[{\"added\": {}}]"}}, {"model": "admin.logentry", "pk": 71, "fields": {"action_time": "2024-09-07T19:49:15.255Z", "user": 1, "content_type": 14, "object_id": "1", "object_repr": "Bed B in Room  qR6zryOY5D", "action_flag": 2, "change_message": "[{\"changed\": {\"fields\": [\"Bed type\"]}}]"}}, {"model": "admin.logentry", "pk": 72, "fields": {"action_time": "2024-09-07T20:01:10.991Z", "user": 1, "content_type": 9, "object_id": "3", "object_repr": "White House - Silver - 40000.00", "action_flag": 2, "change_message": "[{\"changed\": {\"fields\": [\"Price\"]}}]"}}, {"model": "admin.logentry", "pk": 73, "fields": {"action_time": "2024-09-07T23:25:26.353Z", "user": 1, "content_type": 10, "object_id": "4", "object_repr": "White House - 7 - True", "action_flag": 2, "change_message": "[{\"changed\": {\"fields\": [\"Current occupancy\"]}}]"}}, {"model": "admin.logentry", "pk": 74, "fields": {"action_time": "2024-09-07T23:25:32.830Z", "user": 1, "content_type": 10, "object_id": "2", "object_repr": "White House - 11 - True", "action_flag": 2, "change_message": "[{\"changed\": {\"fields\": [\"Current occupancy\"]}}]"}}, {"model": "admin.logentry", "pk": 75, "fields": {"action_time": "2024-09-07T23:25:38.567Z", "user": 1, "content_type": 10, "object_id": "1", "object_repr": "White House - 21 - True", "action_flag": 2, "change_message": "[{\"changed\": {\"fields\": [\"Current occupancy\"]}}]"}}, {"model": "admin.logentry", "pk": 76, "fields": {"action_time": "2024-09-07T23:31:11.360Z", "user": 1, "content_type": 10, "object_id": "4", "object_repr": "White House - 7 - True", "action_flag": 2, "change_message": "[{\"changed\": {\"fields\": [\"Capacity\"]}}]"}}, {"model": "admin.logentry", "pk": 77, "fields": {"action_time": "2024-09-08T11:17:49.112Z", "user": 1, "content_type": 13, "object_id": "32", "object_repr": "Jabi Hostel - ejjCFjcwtd - Processing- Jabi Hostel - 3a - True", "action_flag": 3, "change_message": ""}}, {"model": "admin.logentry", "pk": 78, "fields": {"action_time": "2024-09-08T11:17:49.132Z", "user": 1, "content_type": 13, "object_id": "31", "object_repr": "White House - 179lJ3ZwFa - Processing- White House - 7 - True", "action_flag": 3, "change_message": ""}}, {"model": "admin.logentry", "pk": 79, "fields": {"action_time": "2024-09-08T11:17:49.147Z", "user": 1, "content_type": 13, "object_id": "30", "object_repr": "White House - OThmvwJIak - Processing- White House - 11 - True", "action_flag": 3, "change_message": ""}}, {"model": "admin.logentry", "pk": 80, "fields": {"action_time": "2024-09-08T11:17:49.164Z", "user": 1, "content_type": 13, "object_id": "29", "object_repr": "White House - U6JlJCBMzF - Processing- White House - 21 - True", "action_flag": 3, "change_message": ""}}, {"model": "admin.logentry", "pk": 81, "fields": {"action_time": "2024-09-08T11:17:49.183Z", "user": 1, "content_type": 13, "object_id": "28", "object_repr": "White House - 0t0u9xevWc - Processing- White House - 21 - True", "action_flag": 3, "change_message": ""}}, {"model": "admin.logentry", "pk": 82, "fields": {"action_time": "2024-09-08T11:17:49.198Z", "user": 1, "content_type": 13, "object_id": "27", "object_repr": "White House - Zrax09VqyP - Processing- White House - 7 - True", "action_flag": 3, "change_message": ""}}, {"model": "admin.logentry", "pk": 83, "fields": {"action_time": "2024-09-08T11:17:49.216Z", "user": 1, "content_type": 13, "object_id": "26", "object_repr": "White House - uNLyvk2wMa - Processing- White House - 11 - True", "action_flag": 3, "change_message": ""}}, {"model": "admin.logentry", "pk": 84, "fields": {"action_time": "2024-09-08T11:17:49.234Z", "user": 1, "content_type": 13, "object_id": "25", "object_repr": "White House - n0jmSjMqsJ - Processing- White House - 11 - True", "action_flag": 3, "change_message": ""}}, {"model": "admin.logentry", "pk": 85, "fields": {"action_time": "2024-09-08T11:17:49.251Z", "user": 1, "content_type": 13, "object_id": "24", "object_repr": "White House - nkTBtt1zfE - Processing- White House - 11 - True", "action_flag": 3, "change_message": ""}}, {"model": "admin.logentry", "pk": 86, "fields": {"action_time": "2024-09-08T11:17:49.267Z", "user": 1, "content_type": 13, "object_id": "23", "object_repr": "White House - NPgpXzYsFP - Processing- White House - 11 - True", "action_flag": 3, "change_message": ""}}, {"model": "admin.logentry", "pk": 87, "fields": {"action_time": "2024-09-08T11:17:49.287Z", "user": 1, "content_type": 13, "object_id": "22", "object_repr": "White House - 9E4LVQEHeW - Processing- White House - 11 - True", "action_flag": 3, "change_message": ""}}, {"model": "admin.logentry", "pk": 88, "fields": {"action_time": "2024-09-08T11:17:49.305Z", "user": 1, "content_type": 13, "object_id": "21", "object_repr": "White House - xJQHnUTJw5 - Processing- White House - 21 - True", "action_flag": 3, "change_message": ""}}, {"model": "admin.logentry", "pk": 89, "fields": {"action_time": "2024-09-08T11:17:49.324Z", "user": 1, "content_type": 13, "object_id": "20", "object_repr": "White House - 5npYEqjz5o - Processing- White House - 21 - True", "action_flag": 3, "change_message": ""}}, {"model": "admin.logentry", "pk": 90, "fields": {"action_time": "2024-09-08T11:17:49.341Z", "user": 1, "content_type": 13, "object_id": "19", "object_repr": "White House - Ai4FCVbV6Y - Processing- White House - 11 - True", "action_flag": 3, "change_message": ""}}, {"model": "admin.logentry", "pk": 91, "fields": {"action_time": "2024-09-08T11:17:49.360Z", "user": 1, "content_type": 13, "object_id": "18", "object_repr": "White House - 8YDRsuljZf - Processing- White House - 21 - True", "action_flag": 3, "change_message": ""}}, {"model": "admin.logentry", "pk": 92, "fields": {"action_time": "2024-09-08T11:17:49.378Z", "user": 1, "content_type": 13, "object_id": "17", "object_repr": "White House - bhFEhQItYK - Processing- White House - 7 - True", "action_flag": 3, "change_message": ""}}, {"model": "admin.logentry", "pk": 93, "fields": {"action_time": "2024-09-08T11:17:49.398Z", "user": 1, "content_type": 13, "object_id": "16", "object_repr": "White House - TrJuDn4PoN - Processing- White House - 11 - True", "action_flag": 3, "change_message": ""}}, {"model": "admin.logentry", "pk": 94, "fields": {"action_time": "2024-09-08T11:17:49.415Z", "user": 1, "content_type": 13, "object_id": "15", "object_repr": "White House - WlzgYiSKpN - Processing- White House - 11 - True", "action_flag": 3, "change_message": ""}}, {"model": "admin.logentry", "pk": 95, "fields": {"action_time": "2024-09-08T11:17:49.433Z", "user": 1, "content_type": 13, "object_id": "14", "object_repr": "White House - KOHbSBuAVf - Processing- White House - 21 - True", "action_flag": 3, "change_message": ""}}, {"model": "admin.logentry", "pk": 96, "fields": {"action_time": "2024-09-08T11:17:49.450Z", "user": 1, "content_type": 13, "object_id": "13", "object_repr": "White House - xmKr0kh2T9 - Processing- White House - 21 - True", "action_flag": 3, "change_message": ""}}, {"model": "admin.logentry", "pk": 97, "fields": {"action_time": "2024-09-08T11:17:49.467Z", "user": 1, "content_type": 13, "object_id": "12", "object_repr": "White House - lWwHr8Xq1M - Processing- White House - 21 - True", "action_flag": 3, "change_message": ""}}, {"model": "admin.logentry", "pk": 98, "fields": {"action_time": "2024-09-08T11:17:49.485Z", "user": 1, "content_type": 13, "object_id": "11", "object_repr": "White House - fYdDGR2JWH - Processing- White House - 21 - True", "action_flag": 3, "change_message": ""}}, {"model": "admin.logentry", "pk": 99, "fields": {"action_time": "2024-09-08T11:17:49.502Z", "user": 1, "content_type": 13, "object_id": "10", "object_repr": "White House - JoCgFvkiKj - Processing- White House - 21 - True", "action_flag": 3, "change_message": ""}}, {"model": "admin.logentry", "pk": 100, "fields": {"action_time": "2024-09-08T11:17:49.519Z", "user": 1, "content_type": 13, "object_id": "9", "object_repr": "White House - 2oAfqRsNZS - Processing- White House - 21 - True", "action_flag": 3, "change_message": ""}}, {"model": "admin.logentry", "pk": 101, "fields": {"action_time": "2024-09-08T12:02:22.190Z", "user": 1, "content_type": 13, "object_id": "35", "object_repr": "White House - Wvq6kXqMCn - Processing- White House - 7 - False", "action_flag": 3, "change_message": ""}}, {"model": "admin.logentry", "pk": 102, "fields": {"action_time": "2024-09-08T12:02:22.210Z", "user": 1, "content_type": 13, "object_id": "34", "object_repr": "White House - LcAdcLxlKj - Processing- White House - 7 - False", "action_flag": 3, "change_message": ""}}, {"model": "admin.logentry", "pk": 103, "fields": {"action_time": "2024-09-08T12:02:22.228Z", "user": 1, "content_type": 13, "object_id": "33", "object_repr": "White House - qgOODBq9MV - Processing- White House - 21 - False", "action_flag": 3, "change_message": ""}}, {"model": "admin.logentry", "pk": 104, "fields": {"action_time": "2024-09-08T12:03:02.098Z", "user": 1, "content_type": 10, "object_id": "4", "object_repr": "White House - 7 - True", "action_flag": 2, "change_message": "[{\"changed\": {\"fields\": [\"Current occupancy\"]}}]"}}, {"model": "admin.logentry", "pk": 105, "fields": {"action_time": "2024-09-08T12:03:08.612Z", "user": 1, "content_type": 10, "object_id": "1", "object_repr": "White House - 21 - True", "action_flag": 2, "change_message": "[{\"changed\": {\"fields\": [\"Current occupancy\"]}}]"}}, {"model": "admin.logentry", "pk": 106, "fields": {"action_time": "2024-09-08T18:00:15.992Z", "user": 1, "content_type": 11, "object_id": "2", "object_repr": "michaelogaje033@gmail.com", "action_flag": 2, "change_message": "[{\"changed\": {\"fields\": [\"Gender\"]}}]"}}, {"model": "admin.logentry", "pk": 107, "fields": {"action_time": "2024-09-08T18:06:23.985Z", "user": 1, "content_type": 10, "object_id": "4", "object_repr": "White House - 7 - True", "action_flag": 2, "change_message": "[{\"changed\": {\"fields\": [\"Current occupancy\"]}}]"}}, {"model": "admin.logentry", "pk": 108, "fields": {"action_time": "2024-09-08T18:10:50.907Z", "user": 1, "content_type": 10, "object_id": "4", "object_repr": "White House - 7 - True", "action_flag": 2, "change_message": "[{\"changed\": {\"fields\": [\"Bed\"]}}]"}}, {"model": "admin.logentry", "pk": 109, "fields": {"action_time": "2024-09-08T18:26:21.754Z", "user": 1, "content_type": 6, "object_id": "HQNfdqp", "object_repr": "White House", "action_flag": 2, "change_message": "[{\"changed\": {\"fields\": [\"Gender\"]}}]"}}, {"model": "admin.logentry", "pk": 110, "fields": {"action_time": "2024-09-08T18:27:35.770Z", "user": 1, "content_type": 6, "object_id": "HQNfdqp", "object_repr": "White House", "action_flag": 2, "change_message": "[]"}}, {"model": "admin.logentry", "pk": 111, "fields": {"action_time": "2024-09-08T18:34:34.988Z", "user": 1, "content_type": 6, "object_id": "9K1qgYv", "object_repr": "Jabi Hostel", "action_flag": 2, "change_message": "[{\"changed\": {\"fields\": [\"Gender\"]}}]"}}, {"model": "admin.logentry", "pk": 112, "fields": {"action_time": "2024-09-08T18:46:24.429Z", "user": 1, "content_type": 6, "object_id": "HQNfdqp", "object_repr": "White House", "action_flag": 2, "change_message": "[]"}}, {"model": "admin.logentry", "pk": 113, "fields": {"action_time": "2024-09-08T18:46:28.524Z", "user": 1, "content_type": 6, "object_id": "9K1qgYv", "object_repr": "Jabi Hostel", "action_flag": 2, "change_message": "[]"}}, {"model": "admin.logentry", "pk": 114, "fields": {"action_time": "2024-09-08T19:02:00.506Z", "user": 1, "content_type": 6, "object_id": "HQNfdqp", "object_repr": "White House", "action_flag": 2, "change_message": "[{\"changed\": {\"fields\": [\"Gender\"]}}]"}}, {"model": "admin.logentry", "pk": 115, "fields": {"action_time": "2024-09-08T19:04:23.169Z", "user": 1, "content_type": 12, "object_id": "7fmRrYo", "object_repr": "Tony Ogaje", "action_flag": 2, "change_message": "[{\"changed\": {\"fields\": [\"Gender\"]}}]"}}, {"model": "admin.logentry", "pk": 116, "fields": {"action_time": "2024-09-08T19:07:07.397Z", "user": 1, "content_type": 6, "object_id": "HQNfdqp", "object_repr": "White House", "action_flag": 2, "change_message": "[{\"changed\": {\"fields\": [\"Gender\"]}}]"}}, {"model": "admin.logentry", "pk": 117, "fields": {"action_time": "2024-09-08T19:09:20.548Z", "user": 1, "content_type": 12, "object_id": "7fmRrYo", "object_repr": "Tony Ogaje", "action_flag": 2, "change_message": "[{\"changed\": {\"fields\": [\"Gender\"]}}]"}}, {"model": "admin.logentry", "pk": 118, "fields": {"action_time": "2024-09-09T20:49:24.421Z", "user": 1, "content_type": 6, "object_id": "HQNfdqp", "object_repr": "White House", "action_flag": 2, "change_message": "[{\"changed\": {\"fields\": [\"Gender\"]}}]"}}, {"model": "admin.logentry", "pk": 119, "fields": {"action_time": "2024-09-09T20:49:29.984Z", "user": 1, "content_type": 6, "object_id": "9K1qgYv", "object_repr": "Jabi Hostel", "action_flag": 2, "change_message": "[{\"changed\": {\"fields\": [\"Gender\"]}}]"}}, {"model": "admin.logentry", "pk": 120, "fields": {"action_time": "2024-09-09T21:10:51.390Z", "user": 1, "content_type": 9, "object_id": "3", "object_repr": "White House - Silver - 40000.00", "action_flag": 2, "change_message": "[{\"changed\": {\"fields\": [\"Semester rate\", \"Session rate\"]}}]"}}, {"model": "admin.logentry", "pk": 121, "fields": {"action_time": "2024-09-09T21:11:07.033Z", "user": 1, "content_type": 9, "object_id": "2", "object_repr": "Jabi Hostel - Standard - 200000.00", "action_flag": 2, "change_message": "[{\"changed\": {\"fields\": [\"Semester rate\", \"Session rate\"]}}]"}}, {"model": "admin.logentry", "pk": 122, "fields": {"action_time": "2024-09-09T21:11:14.252Z", "user": 1, "content_type": 9, "object_id": "3", "object_repr": "White House - Silver - 40000.00", "action_flag": 2, "change_message": "[{\"changed\": {\"fields\": [\"Semester rate\"]}}]"}}, {"model": "admin.logentry", "pk": 123, "fields": {"action_time": "2024-09-09T21:11:30.993Z", "user": 1, "content_type": 9, "object_id": "1", "object_repr": "White House - Standard - 200000.00", "action_flag": 2, "change_message": "[{\"changed\": {\"fields\": [\"Semester rate\", \"Session rate\"]}}]"}}, {"model": "admin.logentry", "pk": 124, "fields": {"action_time": "2024-09-10T20:40:26.689Z", "user": 1, "content_type": 10, "object_id": "1", "object_repr": "White House - 21 - True", "action_flag": 2, "change_message": "[{\"changed\": {\"fields\": [\"Current occupancy\"]}}]"}}, {"model": "admin.logentry", "pk": 125, "fields": {"action_time": "2024-09-10T20:40:31.748Z", "user": 1, "content_type": 10, "object_id": "1", "object_repr": "White House - 21 - True", "action_flag": 2, "change_message": "[]"}}, {"model": "admin.logentry", "pk": 126, "fields": {"action_time": "2024-09-10T21:53:43.871Z", "user": 1, "content_type": 13, "object_id": "45", "object_repr": "White House - nV6WAF0GP3 - Processing- 11 ", "action_flag": 3, "change_message": ""}}, {"model": "admin.logentry", "pk": 127, "fields": {"action_time": "2024-09-10T21:53:43.908Z", "user": 1, "content_type": 13, "object_id": "44", "object_repr": "White House - LcMOxzOBCL - Processing- 21 ", "action_flag": 3, "change_message": ""}}, {"model": "admin.logentry", "pk": 128, "fields": {"action_time": "2024-09-10T21:53:43.924Z", "user": 1, "content_type": 13, "object_id": "43", "object_repr": "White House - 6EX6sABuPS - Processing- 21 ", "action_flag": 3, "change_message": ""}}, {"model": "admin.logentry", "pk": 129, "fields": {"action_time": "2024-09-10T21:53:43.956Z", "user": 1, "content_type": 13, "object_id": "42", "object_repr": "White House - HowGz4PvgU - Processing- 21 ", "action_flag": 3, "change_message": ""}}, {"model": "admin.logentry", "pk": 130, "fields": {"action_time": "2024-09-10T21:53:43.981Z", "user": 1, "content_type": 13, "object_id": "41", "object_repr": "White House - nnkoxgzglp - Processing- 21 ", "action_flag": 3, "change_message": ""}}, {"model": "admin.logentry", "pk": 131, "fields": {"action_time": "2024-09-10T21:53:43.997Z", "user": 1, "content_type": 13, "object_id": "40", "object_repr": "White House - u5AuHv5lgc - Processing- 21 ", "action_flag": 3, "change_message": ""}}, {"model": "admin.logentry", "pk": 132, "fields": {"action_time": "2024-09-10T21:53:44.014Z", "user": 1, "content_type": 13, "object_id": "39", "object_repr": "White House - wB4G0SYyGa - Processing- 21 ", "action_flag": 3, "change_message": ""}}, {"model": "admin.logentry", "pk": 133, "fields": {"action_time": "2024-09-10T21:53:44.029Z", "user": 1, "content_type": 13, "object_id": "38", "object_repr": "White House - Zxcunb31bC - Paid- 7 ", "action_flag": 3, "change_message": ""}}, {"model": "admin.logentry", "pk": 134, "fields": {"action_time": "2024-09-10T21:53:44.046Z", "user": 1, "content_type": 13, "object_id": "37", "object_repr": "White House - tW65Kj97RX - Processing- 21 ", "action_flag": 3, "change_message": ""}}, {"model": "admin.logentry", "pk": 135, "fields": {"action_time": "2024-09-10T21:53:44.063Z", "user": 1, "content_type": 13, "object_id": "36", "object_repr": "White House - kelfvHK7Sr - Processing- 7 ", "action_flag": 3, "change_message": ""}}, {"model": "admin.logentry", "pk": 136, "fields": {"action_time": "2024-09-10T22:41:29.781Z", "user": 1, "content_type": 12, "object_id": "7fmRrYo", "object_repr": "Tony Ogaje", "action_flag": 2, "change_message": "[]"}}, {"model": "admin.logentry", "pk": 137, "fields": {"action_time": "2024-09-10T22:41:36.995Z", "user": 1, "content_type": 12, "object_id": "dmvWmQW", "object_repr": "m1904722", "action_flag": 2, "change_message": "[]"}}, {"model": "admin.logentry", "pk": 138, "fields": {"action_time": "2024-09-10T22:55:52.954Z", "user": 1, "content_type": 12, "object_id": "dmvWmQW", "object_repr": "Michael Ogaje", "action_flag": 2, "change_message": "[{\"changed\": {\"fields\": [\"Fullname\", \"Student id\", \"Email\"]}}]"}}, {"model": "admin.logentry", "pk": 139, "fields": {"action_time": "2024-09-10T22:59:20.668Z", "user": 1, "content_type": 12, "object_id": "dmvWmQW", "object_repr": "Michael Ogaje", "action_flag": 2, "change_message": "[{\"changed\": {\"fields\": [\"Phone\"]}}]"}}, {"model": "admin.logentry", "pk": 140, "fields": {"action_time": "2024-09-11T22:22:03.110Z", "user": 1, "content_type": 11, "object_id": "2", "object_repr": "michaelogaje033@gmail.com", "action_flag": 2, "change_message": "[{\"changed\": {\"fields\": [\"School\"]}}]"}}, {"model": "admin.logentry", "pk": 141, "fields": {"action_time": "2024-09-11T22:23:39.693Z", "user": 1, "content_type": 13, "object_id": "52", "object_repr": "White House - BlBUhDBtpz - Paid- 7 ", "action_flag": 2, "change_message": "[{\"changed\": {\"fields\": [\"School\"]}}]"}}, {"model": "admin.logentry", "pk": 142, "fields": {"action_time": "2024-09-11T22:23:45.874Z", "user": 1, "content_type": 13, "object_id": "51", "object_repr": "White House - tygLlrf6XP - Paid- 7 ", "action_flag": 2, "change_message": "[{\"changed\": {\"fields\": [\"School\"]}}]"}}, {"model": "admin.logentry", "pk": 143, "fields": {"action_time": "2024-09-11T22:36:30.464Z", "user": 1, "content_type": 10, "object_id": "4", "object_repr": "7 ", "action_flag": 2, "change_message": "[{\"changed\": {\"fields\": [\"Current occupancy\"]}}]"}}, {"model": "admin.logentry", "pk": 144, "fields": {"action_time": "2024-09-11T22:36:36.799Z", "user": 1, "content_type": 10, "object_id": "3", "object_repr": "3a ", "action_flag": 2, "change_message": "[{\"changed\": {\"fields\": [\"Current occupancy\"]}}]"}}, {"model": "admin.logentry", "pk": 145, "fields": {"action_time": "2024-09-11T22:36:42.079Z", "user": 1, "content_type": 10, "object_id": "2", "object_repr": "11 ", "action_flag": 2, "change_message": "[{\"changed\": {\"fields\": [\"Current occupancy\"]}}]"}}, {"model": "admin.logentry", "pk": 146, "fields": {"action_time": "2024-09-11T22:36:46.753Z", "user": 1, "content_type": 10, "object_id": "1", "object_repr": "21 ", "action_flag": 2, "change_message": "[{\"changed\": {\"fields\": [\"Current occupancy\"]}}]"}}, {"model": "admin.logentry", "pk": 147, "fields": {"action_time": "2024-09-11T23:15:52.537Z", "user": 1, "content_type": 11, "object_id": "2", "object_repr": "michaelogaje033@gmail.com", "action_flag": 2, "change_message": "[{\"changed\": {\"fields\": [\"School\"]}}]"}}, {"model": "admin.logentry", "pk": 148, "fields": {"action_time": "2024-09-14T10:55:45.086Z", "user": 1, "content_type": 10, "object_id": "2", "object_repr": "11 ", "action_flag": 2, "change_message": "[{\"changed\": {\"fields\": [\"Current occupancy\"]}}]"}}, {"model": "admin.logentry", "pk": 149, "fields": {"action_time": "2024-09-14T10:55:54.895Z", "user": 1, "content_type": 10, "object_id": "4", "object_repr": "7 ", "action_flag": 2, "change_message": "[{\"changed\": {\"fields\": [\"Current occupancy\"]}}]"}}, {"model": "admin.logentry", "pk": 150, "fields": {"action_time": "2024-09-14T10:56:01.367Z", "user": 1, "content_type": 10, "object_id": "3", "object_repr": "3a ", "action_flag": 2, "change_message": "[{\"changed\": {\"fields\": [\"Current occupancy\"]}}]"}}, {"model": "admin.logentry", "pk": 151, "fields": {"action_time": "2024-09-14T10:56:10.145Z", "user": 1, "content_type": 10, "object_id": "1", "object_repr": "21 ", "action_flag": 2, "change_message": "[{\"changed\": {\"fields\": [\"Current occupancy\"]}}]"}}, {"model": "admin.logentry", "pk": 152, "fields": {"action_time": "2024-09-14T10:56:14.936Z", "user": 1, "content_type": 10, "object_id": "3", "object_repr": "3a ", "action_flag": 2, "change_message": "[]"}}, {"model": "admin.logentry", "pk": 153, "fields": {"action_time": "2024-09-14T10:56:49.367Z", "user": 1, "content_type": 9, "object_id": "3", "object_repr": "Silver", "action_flag": 2, "change_message": "[]"}}, {"model": "admin.logentry", "pk": 154, "fields": {"action_time": "2024-09-14T10:57:16.487Z", "user": 1, "content_type": 13, "object_id": "64", "object_repr": "Jabi Hostel - sfdAc66izl - Processing- 3a ", "action_flag": 3, "change_message": ""}}, {"model": "admin.logentry", "pk": 155, "fields": {"action_time": "2024-09-14T10:57:16.503Z", "user": 1, "content_type": 13, "object_id": "63", "object_repr": "Jabi Hostel - FSZ80EjOeQ - Processing- 3a ", "action_flag": 3, "change_message": ""}}, {"model": "admin.logentry", "pk": 156, "fields": {"action_time": "2024-09-14T10:57:16.520Z", "user": 1, "content_type": 13, "object_id": "62", "object_repr": "White House - 0AwxSwAV3n - Processing- 7 ", "action_flag": 3, "change_message": ""}}, {"model": "admin.logentry", "pk": 157, "fields": {"action_time": "2024-09-14T10:57:16.538Z", "user": 1, "content_type": 13, "object_id": "61", "object_repr": "White House - dV5zuJ6Zgr - Paid- 7 ", "action_flag": 3, "change_message": ""}}, {"model": "admin.logentry", "pk": 158, "fields": {"action_time": "2024-09-14T10:57:16.554Z", "user": 1, "content_type": 13, "object_id": "60", "object_repr": "White House - GxjRrBxPBG - Processing- 21 ", "action_flag": 3, "change_message": ""}}, {"model": "admin.logentry", "pk": 159, "fields": {"action_time": "2024-09-14T10:57:16.571Z", "user": 1, "content_type": 13, "object_id": "59", "object_repr": "White House - j3k2VMom1d - Processing- 11 ", "action_flag": 3, "change_message": ""}}, {"model": "admin.logentry", "pk": 160, "fields": {"action_time": "2024-09-14T10:57:16.588Z", "user": 1, "content_type": 13, "object_id": "58", "object_repr": "White House - 0U04JTSUki - Processing- 11 ", "action_flag": 3, "change_message": ""}}, {"model": "admin.logentry", "pk": 161, "fields": {"action_time": "2024-09-14T10:57:16.604Z", "user": 1, "content_type": 13, "object_id": "57", "object_repr": "White House - bdBOO4j1eu - Processing- 11 ", "action_flag": 3, "change_message": ""}}, {"model": "admin.logentry", "pk": 162, "fields": {"action_time": "2024-09-14T10:57:16.619Z", "user": 1, "content_type": 13, "object_id": "56", "object_repr": "White House - AjGP8hVsqp - Processing- 11 ", "action_flag": 3, "change_message": ""}}, {"model": "admin.logentry", "pk": 163, "fields": {"action_time": "2024-09-14T10:57:16.636Z", "user": 1, "content_type": 13, "object_id": "55", "object_repr": "White House - gdBWxMydna - Processing- 21 ", "action_flag": 3, "change_message": ""}}, {"model": "admin.logentry", "pk": 164, "fields": {"action_time": "2024-09-14T10:57:16.649Z", "user": 1, "content_type": 13, "object_id": "54", "object_repr": "White House - Vxb8a71zjB - Processing- 21 ", "action_flag": 3, "change_message": ""}}, {"model": "admin.logentry", "pk": 165, "fields": {"action_time": "2024-09-14T10:57:16.675Z", "user": 1, "content_type": 13, "object_id": "53", "object_repr": "White House - JiOytSk72k - Processing- 7 ", "action_flag": 3, "change_message": ""}}, {"model": "admin.logentry", "pk": 166, "fields": {"action_time": "2024-09-14T10:57:16.692Z", "user": 1, "content_type": 13, "object_id": "52", "object_repr": "White House - BlBUhDBtpz - Paid- 7 ", "action_flag": 3, "change_message": ""}}, {"model": "admin.logentry", "pk": 167, "fields": {"action_time": "2024-09-14T10:57:16.710Z", "user": 1, "content_type": 13, "object_id": "51", "object_repr": "White House - tygLlrf6XP - Paid- 7 ", "action_flag": 3, "change_message": ""}}, {"model": "admin.logentry", "pk": 168, "fields": {"action_time": "2024-09-14T10:57:16.726Z", "user": 1, "content_type": 13, "object_id": "50", "object_repr": "White House - UUA0zT0B73 - Paid- 21 ", "action_flag": 3, "change_message": ""}}, {"model": "admin.logentry", "pk": 169, "fields": {"action_time": "2024-09-14T10:57:16.741Z", "user": 1, "content_type": 13, "object_id": "49", "object_repr": "White House - hEPRUP49YK - Processing- 21 ", "action_flag": 3, "change_message": ""}}, {"model": "admin.logentry", "pk": 170, "fields": {"action_time": "2024-09-14T10:57:16.755Z", "user": 1, "content_type": 13, "object_id": "48", "object_repr": "White House - a7n7KL3vXP - Processing- 21 ", "action_flag": 3, "change_message": ""}}, {"model": "admin.logentry", "pk": 171, "fields": {"action_time": "2024-09-14T10:57:16.772Z", "user": 1, "content_type": 13, "object_id": "47", "object_repr": "White House - V6wAXBnvlu - Processing- 21 ", "action_flag": 3, "change_message": ""}}, {"model": "admin.logentry", "pk": 172, "fields": {"action_time": "2024-09-14T10:57:16.787Z", "user": 1, "content_type": 13, "object_id": "46", "object_repr": "Jabi Hostel - WSh4TPt3ES - Paid- 3a ", "action_flag": 3, "change_message": ""}}, {"model": "admin.logentry", "pk": 173, "fields": {"action_time": "2024-09-14T11:25:18.156Z", "user": 1, "content_type": 9, "object_id": "4", "object_repr": "Premium", "action_flag": 1, "change_message": "[{\"added\": {}}]"}}, {"model": "admin.logentry", "pk": 174, "fields": {"action_time": "2024-09-14T11:26:38.007Z", "user": 1, "content_type": 9, "object_id": "5", "object_repr": "Executive single room", "action_flag": 1, "change_message": "[{\"added\": {}}]"}}, {"model": "admin.logentry", "pk": 175, "fields": {"action_time": "2024-09-14T11:27:51.517Z", "user": 1, "content_type": 9, "object_id": "6", "object_repr": "Premium Gold room of 2", "action_flag": 1, "change_message": "[{\"added\": {}}]"}}, {"model": "admin.logentry", "pk": 176, "fields": {"action_time": "2024-09-14T11:29:01.983Z", "user": 1, "content_type": 9, "object_id": "7", "object_repr": "Excutive room of 2", "action_flag": 1, "change_message": "[{\"added\": {}}]"}}, {"model": "admin.logentry", "pk": 177, "fields": {"action_time": "2024-09-14T11:30:32.166Z", "user": 1, "content_type": 9, "object_id": "8", "object_repr": "Room of 3", "action_flag": 1, "change_message": "[{\"added\": {}}]"}}, {"model": "admin.logentry", "pk": 178, "fields": {"action_time": "2024-09-14T11:32:06.160Z", "user": 1, "content_type": 9, "object_id": "9", "object_repr": "Room 0f 4", "action_flag": 1, "change_message": "[{\"added\": {}}]"}}, {"model": "admin.logentry", "pk": 179, "fields": {"action_time": "2024-09-14T11:33:04.488Z", "user": 1, "content_type": 9, "object_id": "10", "object_repr": "Room of 5", "action_flag": 1, "change_message": "[{\"added\": {}}]"}}, {"model": "admin.logentry", "pk": 180, "fields": {"action_time": "2024-09-14T11:33:46.282Z", "user": 1, "content_type": 9, "object_id": "11", "object_repr": "Room of 6", "action_flag": 1, "change_message": "[{\"added\": {}}]"}}, {"model": "admin.logentry", "pk": 181, "fields": {"action_time": "2024-09-14T11:37:22.144Z", "user": 1, "content_type": 9, "object_id": "3", "object_repr": "Silver", "action_flag": 3, "change_message": ""}}, {"model": "admin.logentry", "pk": 182, "fields": {"action_time": "2024-09-14T11:37:22.167Z", "user": 1, "content_type": 9, "object_id": "2", "object_repr": "Standard", "action_flag": 3, "change_message": ""}}, {"model": "admin.logentry", "pk": 183, "fields": {"action_time": "2024-09-14T11:37:22.189Z", "user": 1, "content_type": 9, "object_id": "1", "object_repr": "Standard", "action_flag": 3, "change_message": ""}}, {"model": "admin.logentry", "pk": 184, "fields": {"action_time": "2024-09-14T11:37:49.274Z", "user": 1, "content_type": 10, "object_id": "5", "object_repr": "2 ", "action_flag": 1, "change_message": "[{\"added\": {}}]"}}, {"model": "admin.logentry", "pk": 185, "fields": {"action_time": "2024-09-14T11:38:07.675Z", "user": 1, "content_type": 10, "object_id": "6", "object_repr": "21 ", "action_flag": 1, "change_message": "[{\"added\": {}}]"}}, {"model": "admin.logentry", "pk": 186, "fields": {"action_time": "2024-09-14T11:38:25.551Z", "user": 1, "content_type": 10, "object_id": "7", "object_repr": "3a ", "action_flag": 1, "change_message": "[{\"added\": {}}]"}}, {"model": "admin.logentry", "pk": 187, "fields": {"action_time": "2024-09-14T11:38:42.665Z", "user": 1, "content_type": 10, "object_id": "8", "object_repr": "7 ", "action_flag": 1, "change_message": "[{\"added\": {}}]"}}, {"model": "admin.logentry", "pk": 188, "fields": {"action_time": "2024-09-14T11:39:01.337Z", "user": 1, "content_type": 10, "object_id": "9", "object_repr": "4 ", "action_flag": 1, "change_message": "[{\"added\": {}}]"}}, {"model": "admin.logentry", "pk": 189, "fields": {"action_time": "2024-09-14T11:39:19.437Z", "user": 1, "content_type": 10, "object_id": "10", "object_repr": "55 ", "action_flag": 1, "change_message": "[{\"added\": {}}]"}}, {"model": "admin.logentry", "pk": 190, "fields": {"action_time": "2024-09-14T11:39:37.383Z", "user": 1, "content_type": 10, "object_id": "11", "object_repr": "8 ", "action_flag": 1, "change_message": "[{\"added\": {}}]"}}, {"model": "admin.logentry", "pk": 191, "fields": {"action_time": "2024-09-14T11:39:51.729Z", "user": 1, "content_type": 10, "object_id": "12", "object_repr": "87 ", "action_flag": 1, "change_message": "[{\"added\": {}}]"}}, {"model": "admin.logentry", "pk": 192, "fields": {"action_time": "2024-09-14T11:40:22.036Z", "user": 1, "content_type": 11, "object_id": "2", "object_repr": "michaelogaje033@gmail.com", "action_flag": 2, "change_message": "[{\"changed\": {\"fields\": [\"School\"]}}]"}}, {"model": "admin.logentry", "pk": 193, "fields": {"action_time": "2024-09-15T16:36:15.656Z", "user": 1, "content_type": 11, "object_id": "4", "object_repr": "kennkiyoshi@gmail.com", "action_flag": 2, "change_message": "[{\"changed\": {\"fields\": [\"Gender\"]}}]"}}, {"model": "admin.logentry", "pk": 194, "fields": {"action_time": "2024-09-16T12:21:22.165Z", "user": 1, "content_type": 13, "object_id": "70", "object_repr": "White House - 7RNob26T4o - Processing- 2 ", "action_flag": 2, "change_message": "[{\"changed\": {\"fields\": [\"User\"]}}]"}}, {"model": "admin.logentry", "pk": 195, "fields": {"action_time": "2024-09-16T12:22:04.437Z", "user": 1, "content_type": 13, "object_id": "70", "object_repr": "White House - 7RNob26T4o - Paid- 2 ", "action_flag": 2, "change_message": "[{\"changed\": {\"fields\": [\"Payment status\"]}}]"}}, {"model": "admin.logentry", "pk": 196, "fields": {"action_time": "2024-09-16T12:55:39.995Z", "user": 1, "content_type": 13, "object_id": "70", "object_repr": "White House - 7RNob26T4o - Paid- 2 ", "action_flag": 2, "change_message": "[]"}}, {"model": "admin.logentry", "pk": 197, "fields": {"action_time": "2024-09-16T13:54:44.738Z", "user": 1, "content_type": 9, "object_id": "11", "object_repr": "Room of 6", "action_flag": 2, "change_message": "[{\"changed\": {\"fields\": [\"Image\"]}}, {\"added\": {\"name\": \"hostel type gallery\", \"object\": \"Room of 6\"}}, {\"added\": {\"name\": \"hostel type gallery\", \"object\": \"Room of 6\"}}]"}}, {"model": "admin.logentry", "pk": 198, "fields": {"action_time": "2024-09-20T19:29:55.242Z", "user": 1, "content_type": 13, "object_id": "70", "object_repr": "White House - 7RNob26T4o - Paid- 2 ", "action_flag": 2, "change_message": "[]"}}, {"model": "admin.logentry", "pk": 199, "fields": {"action_time": "2024-09-20T20:23:40.992Z", "user": 1, "content_type": 6, "object_id": "9K1qgYv", "object_repr": "Jabi Hostel", "action_flag": 2, "change_message": "[{\"changed\": {\"fields\": [\"Gender\"]}}]"}}, {"model": "admin.logentry", "pk": 200, "fields": {"action_time": "2024-09-22T18:14:13.357Z", "user": 1, "content_type": 11, "object_id": "2", "object_repr": "michaelogaje033@gmail.com", "action_flag": 2, "change_message": "[{\"changed\": {\"fields\": [\"School\"]}}]"}}, {"model": "admin.logentry", "pk": 201, "fields": {"action_time": "2024-09-25T21:58:04.600Z", "user": 1, "content_type": 10, "object_id": "13", "object_repr": "99 ", "action_flag": 1, "change_message": "[{\"added\": {}}]"}}, {"model": "admin.logentry", "pk": 202, "fields": {"action_time": "2024-09-25T21:58:19.696Z", "user": 1, "content_type": 10, "object_id": "9", "object_repr": "4 ", "action_flag": 2, "change_message": "[{\"changed\": {\"fields\": [\"Current occupancy\"]}}]"}}, {"model": "admin.logentry", "pk": 203, "fields": {"action_time": "2024-09-25T22:02:01.334Z", "user": 1, "content_type": 10, "object_id": "14", "object_repr": "33 ", "action_flag": 1, "change_message": "[{\"added\": {}}]"}}, {"model": "admin.logentry", "pk": 204, "fields": {"action_time": "2024-09-25T23:06:27.551Z", "user": 1, "content_type": 10, "object_id": "5", "object_repr": "2 ", "action_flag": 2, "change_message": "[{\"changed\": {\"fields\": [\"Current occupancy\"]}}]"}}, {"model": "admin.logentry", "pk": 205, "fields": {"action_time": "2024-09-27T21:07:48.195Z", "user": 1, "content_type": 13, "object_id": "97", "object_repr": "White House - FH9Xc0bLDJ - Paid- 55 ", "action_flag": 3, "change_message": ""}}, {"model": "admin.logentry", "pk": 206, "fields": {"action_time": "2024-09-27T21:07:48.495Z", "user": 1, "content_type": 13, "object_id": "96", "object_repr": "White House - eUpZ3yhPu3 - Processing- 4 ", "action_flag": 3, "change_message": ""}}, {"model": "admin.logentry", "pk": 207, "fields": {"action_time": "2024-09-27T21:07:48.509Z", "user": 1, "content_type": 13, "object_id": "95", "object_repr": "White House - yF42nGqiq9 - Processing- 99 ", "action_flag": 3, "change_message": ""}}, {"model": "admin.logentry", "pk": 208, "fields": {"action_time": "2024-09-27T21:07:48.525Z", "user": 1, "content_type": 13, "object_id": "94", "object_repr": "White House - oFjZFgYMPH - Processing- 4 ", "action_flag": 3, "change_message": ""}}, {"model": "admin.logentry", "pk": 209, "fields": {"action_time": "2024-09-27T21:07:48.545Z", "user": 1, "content_type": 13, "object_id": "93", "object_repr": "White House - b632hwu3K0 - Processing- 4 ", "action_flag": 3, "change_message": ""}}, {"model": "admin.logentry", "pk": 210, "fields": {"action_time": "2024-09-27T21:07:48.562Z", "user": 1, "content_type": 13, "object_id": "92", "object_repr": "White House - o1Ypc7FoCD - Processing- 87 ", "action_flag": 3, "change_message": ""}}, {"model": "admin.logentry", "pk": 211, "fields": {"action_time": "2024-09-27T21:07:48.580Z", "user": 1, "content_type": 13, "object_id": "91", "object_repr": "White House - 2Eg17iF7LM - Processing- 87 ", "action_flag": 3, "change_message": ""}}, {"model": "admin.logentry", "pk": 212, "fields": {"action_time": "2024-09-27T21:07:48.598Z", "user": 1, "content_type": 13, "object_id": "90", "object_repr": "White House - 5fTwdedgXK - Processing- 8 ", "action_flag": 3, "change_message": ""}}, {"model": "admin.logentry", "pk": 213, "fields": {"action_time": "2024-09-27T21:07:48.615Z", "user": 1, "content_type": 13, "object_id": "89", "object_repr": "White House - ttDsJ02i3P - Processing- 87 ", "action_flag": 3, "change_message": ""}}, {"model": "admin.logentry", "pk": 214, "fields": {"action_time": "2024-09-27T21:07:48.632Z", "user": 1, "content_type": 13, "object_id": "88", "object_repr": "White House - DBDUMiHaI0 - Processing- 87 ", "action_flag": 3, "change_message": ""}}, {"model": "admin.logentry", "pk": 215, "fields": {"action_time": "2024-09-27T21:07:48.648Z", "user": 1, "content_type": 13, "object_id": "87", "object_repr": "White House - KnPFfHcBqX - Processing- 87 ", "action_flag": 3, "change_message": ""}}, {"model": "admin.logentry", "pk": 216, "fields": {"action_time": "2024-09-27T21:07:48.666Z", "user": 1, "content_type": 13, "object_id": "86", "object_repr": "White House - ehcO7Qn9wz - Paid- 33 ", "action_flag": 3, "change_message": ""}}, {"model": "admin.logentry", "pk": 217, "fields": {"action_time": "2024-09-27T21:07:48.682Z", "user": 1, "content_type": 13, "object_id": "85", "object_repr": "White House - H9aH4EMAWO - Paid- 33 ", "action_flag": 3, "change_message": ""}}, {"model": "admin.logentry", "pk": 218, "fields": {"action_time": "2024-09-27T21:07:48.700Z", "user": 1, "content_type": 13, "object_id": "84", "object_repr": "White House - kxH37TmPZh - Processing- 2 ", "action_flag": 3, "change_message": ""}}, {"model": "admin.logentry", "pk": 219, "fields": {"action_time": "2024-09-27T21:07:48.718Z", "user": 1, "content_type": 13, "object_id": "83", "object_repr": "White House - 6tuJs0MD1F - Processing- 33 ", "action_flag": 3, "change_message": ""}}, {"model": "admin.logentry", "pk": 220, "fields": {"action_time": "2024-09-27T21:07:48.735Z", "user": 1, "content_type": 13, "object_id": "82", "object_repr": "White House - EB1CNSKmyD - Processing- 8 ", "action_flag": 3, "change_message": ""}}, {"model": "admin.logentry", "pk": 221, "fields": {"action_time": "2024-09-27T21:07:48.755Z", "user": 1, "content_type": 13, "object_id": "81", "object_repr": "White House - nWlfgldo7r - Processing- 7 ", "action_flag": 3, "change_message": ""}}, {"model": "admin.logentry", "pk": 222, "fields": {"action_time": "2024-09-27T21:07:48.773Z", "user": 1, "content_type": 13, "object_id": "80", "object_repr": "White House - JnvzH7Qn9v - Processing- 8 ", "action_flag": 3, "change_message": ""}}, {"model": "admin.logentry", "pk": 223, "fields": {"action_time": "2024-09-27T21:07:48.796Z", "user": 1, "content_type": 13, "object_id": "79", "object_repr": "White House - FiCKGg0fo4 - Processing- 8 ", "action_flag": 3, "change_message": ""}}, {"model": "admin.logentry", "pk": 224, "fields": {"action_time": "2024-09-27T21:07:48.811Z", "user": 1, "content_type": 13, "object_id": "78", "object_repr": "White House - yovoPIxCXA - Processing- 4 ", "action_flag": 3, "change_message": ""}}, {"model": "admin.logentry", "pk": 225, "fields": {"action_time": "2024-09-27T21:07:48.828Z", "user": 1, "content_type": 13, "object_id": "77", "object_repr": "White House - cTptLr5JoU - Processing- 8 ", "action_flag": 3, "change_message": ""}}, {"model": "admin.logentry", "pk": 226, "fields": {"action_time": "2024-09-27T21:07:48.846Z", "user": 1, "content_type": 13, "object_id": "76", "object_repr": "White House - 5mHMwGjl3D - Processing- 55 ", "action_flag": 3, "change_message": ""}}, {"model": "admin.logentry", "pk": 227, "fields": {"action_time": "2024-09-27T21:07:48.862Z", "user": 1, "content_type": 13, "object_id": "75", "object_repr": "White House - JE5fIHF4II - Processing- 4 ", "action_flag": 3, "change_message": ""}}, {"model": "admin.logentry", "pk": 228, "fields": {"action_time": "2024-09-27T21:07:48.879Z", "user": 1, "content_type": 13, "object_id": "74", "object_repr": "White House - cVyV1CdO7M - Processing- 3a ", "action_flag": 3, "change_message": ""}}, {"model": "admin.logentry", "pk": 229, "fields": {"action_time": "2024-09-27T21:07:48.895Z", "user": 1, "content_type": 13, "object_id": "73", "object_repr": "White House - Wc93C3cR2o - Processing- 3a ", "action_flag": 3, "change_message": ""}}, {"model": "admin.logentry", "pk": 230, "fields": {"action_time": "2024-09-27T21:07:48.912Z", "user": 1, "content_type": 13, "object_id": "72", "object_repr": "White House - gRRUAxrtLk - Paid- 87 ", "action_flag": 3, "change_message": ""}}, {"model": "admin.logentry", "pk": 231, "fields": {"action_time": "2024-09-27T21:07:48.930Z", "user": 1, "content_type": 13, "object_id": "71", "object_repr": "White House - JiY35MsWcA - Paid- 87 ", "action_flag": 3, "change_message": ""}}, {"model": "admin.logentry", "pk": 232, "fields": {"action_time": "2024-09-27T21:07:48.947Z", "user": 1, "content_type": 13, "object_id": "70", "object_repr": "White House - 7RNob26T4o - Paid- 2 ", "action_flag": 3, "change_message": ""}}, {"model": "admin.logentry", "pk": 233, "fields": {"action_time": "2024-09-27T21:07:48.964Z", "user": 1, "content_type": 13, "object_id": "69", "object_repr": "White House - hY1NUFIDpv - Processing- 4 ", "action_flag": 3, "change_message": ""}}, {"model": "admin.logentry", "pk": 234, "fields": {"action_time": "2024-09-27T21:08:42.229Z", "user": 1, "content_type": 10, "object_id": "14", "object_repr": "33 ", "action_flag": 2, "change_message": "[{\"changed\": {\"fields\": [\"Current occupancy\"]}}]"}}, {"model": "admin.logentry", "pk": 235, "fields": {"action_time": "2024-09-27T21:08:50.836Z", "user": 1, "content_type": 10, "object_id": "13", "object_repr": "99 ", "action_flag": 2, "change_message": "[{\"changed\": {\"fields\": [\"Current occupancy\"]}}]"}}, {"model": "admin.logentry", "pk": 236, "fields": {"action_time": "2024-09-27T21:08:59.623Z", "user": 1, "content_type": 10, "object_id": "12", "object_repr": "87 ", "action_flag": 2, "change_message": "[{\"changed\": {\"fields\": [\"Current occupancy\"]}}]"}}, {"model": "admin.logentry", "pk": 237, "fields": {"action_time": "2024-09-27T21:09:07.835Z", "user": 1, "content_type": 10, "object_id": "11", "object_repr": "8 ", "action_flag": 2, "change_message": "[{\"changed\": {\"fields\": [\"Current occupancy\"]}}]"}}, {"model": "admin.logentry", "pk": 238, "fields": {"action_time": "2024-09-27T21:09:16.009Z", "user": 1, "content_type": 10, "object_id": "10", "object_repr": "55 ", "action_flag": 2, "change_message": "[{\"changed\": {\"fields\": [\"Current occupancy\"]}}]"}}, {"model": "admin.logentry", "pk": 239, "fields": {"action_time": "2024-09-27T21:09:23.039Z", "user": 1, "content_type": 10, "object_id": "9", "object_repr": "4 ", "action_flag": 2, "change_message": "[{\"changed\": {\"fields\": [\"Current occupancy\"]}}]"}}, {"model": "admin.logentry", "pk": 240, "fields": {"action_time": "2024-09-27T21:09:31.036Z", "user": 1, "content_type": 10, "object_id": "7", "object_repr": "3a ", "action_flag": 2, "change_message": "[{\"changed\": {\"fields\": [\"Current occupancy\"]}}]"}}, {"model": "admin.logentry", "pk": 241, "fields": {"action_time": "2024-09-27T21:09:44.886Z", "user": 1, "content_type": 10, "object_id": "8", "object_repr": "7 ", "action_flag": 2, "change_message": "[{\"changed\": {\"fields\": [\"Current occupancy\"]}}]"}}, {"model": "admin.logentry", "pk": 242, "fields": {"action_time": "2024-09-27T21:09:55.371Z", "user": 1, "content_type": 10, "object_id": "5", "object_repr": "2 ", "action_flag": 2, "change_message": "[{\"changed\": {\"fields\": [\"Current occupancy\"]}}]"}}, {"model": "admin.logentry", "pk": 243, "fields": {"action_time": "2024-09-27T21:18:24.313Z", "user": 1, "content_type": 11, "object_id": "2", "object_repr": "michaelogaje033@gmail.com", "action_flag": 2, "change_message": "[{\"changed\": {\"fields\": [\"School\"]}}]"}}, {"model": "admin.logentry", "pk": 244, "fields": {"action_time": "2024-09-27T21:28:04.486Z", "user": 1, "content_type": 11, "object_id": "2", "object_repr": "michaelogaje033@gmail.com", "action_flag": 2, "change_message": "[{\"changed\": {\"fields\": [\"School\"]}}]"}}, {"model": "admin.logentry", "pk": 245, "fields": {"action_time": "2024-09-28T22:02:02.079Z", "user": 1, "content_type": 10, "object_id": "5", "object_repr": "2 ", "action_flag": 2, "change_message": "[]"}}, {"model": "admin.logentry", "pk": 246, "fields": {"action_time": "2024-09-28T22:02:17.571Z", "user": 1, "content_type": 10, "object_id": "5", "object_repr": "2 ", "action_flag": 2, "change_message": "[{\"changed\": {\"fields\": [\"Current occupancy\"]}}]"}}, {"model": "admin.logentry", "pk": 247, "fields": {"action_time": "2024-09-29T19:50:56.917Z", "user": 1, "content_type": 13, "object_id": "108", "object_repr": "White House - 8MiNF60epu - Paid- 33 ", "action_flag": 2, "change_message": "[{\"changed\": {\"fields\": [\"Payment status\"]}}]"}}, {"model": "admin.logentry", "pk": 248, "fields": {"action_time": "2024-09-29T19:52:00.779Z", "user": 1, "content_type": 13, "object_id": "108", "object_repr": "White House - 8MiNF60epu - Processing- 33 ", "action_flag": 2, "change_message": "[{\"changed\": {\"fields\": [\"Payment status\"]}}]"}}, {"model": "admin.logentry", "pk": 249, "fields": {"action_time": "2024-09-29T19:52:06.378Z", "user": 1, "content_type": 13, "object_id": "108", "object_repr": "White House - 8MiNF60epu - Paid- 33 ", "action_flag": 2, "change_message": "[{\"changed\": {\"fields\": [\"Payment status\"]}}]"}}, {"model": "admin.logentry", "pk": 250, "fields": {"action_time": "2024-10-01T10:36:12.222Z", "user": 1, "content_type": 13, "object_id": "104", "object_repr": "White House - 7yr2anKodd - Paid- 99 ", "action_flag": 2, "change_message": "[{\"changed\": {\"fields\": [\"Payment status\"]}}]"}}, {"model": "admin.logentry", "pk": 251, "fields": {"action_time": "2024-10-01T10:37:00.127Z", "user": 1, "content_type": 13, "object_id": "103", "object_repr": "White House - RlDeI6XNei - Paid- 21 ", "action_flag": 2, "change_message": "[{\"changed\": {\"fields\": [\"Payment status\"]}}]"}}, {"model": "admin.logentry", "pk": 252, "fields": {"action_time": "2024-10-01T10:38:39.927Z", "user": 1, "content_type": 13, "object_id": "101", "object_repr": "White House - dOjokvUQdD - Paid- 55 ", "action_flag": 2, "change_message": "[{\"changed\": {\"fields\": [\"Payment status\"]}}]"}}, {"model": "admin.logentry", "pk": 253, "fields": {"action_time": "2024-10-01T10:39:03.630Z", "user": 1, "content_type": 13, "object_id": "100", "object_repr": "White House - eQ5tuXb6hK - Paid- 2 ", "action_flag": 2, "change_message": "[{\"changed\": {\"fields\": [\"Payment status\"]}}]"}}, {"model": "admin.logentry", "pk": 254, "fields": {"action_time": "2024-10-01T10:41:40.452Z", "user": 1, "content_type": 13, "object_id": "99", "object_repr": "White House - 4O4SKuXAwt - Paid- 8 ", "action_flag": 2, "change_message": "[{\"changed\": {\"fields\": [\"Payment status\"]}}]"}}, {"model": "admin.logentry", "pk": 255, "fields": {"action_time": "2024-10-01T10:43:05.049Z", "user": 1, "content_type": 13, "object_id": "99", "object_repr": "White House - 4O4SKuXAwt - Paid- 8 ", "action_flag": 2, "change_message": "[]"}}, {"model": "admin.logentry", "pk": 256, "fields": {"action_time": "2024-10-01T21:06:50.943Z", "user": 1, "content_type": 13, "object_id": "112", "object_repr": "White House - YA0qELdgXt - Paid- 87 ", "action_flag": 2, "change_message": "[]"}}, {"model": "admin.logentry", "pk": 257, "fields": {"action_time": "2024-10-01T21:09:02.148Z", "user": 1, "content_type": 13, "object_id": "112", "object_repr": "White House - YA0qELdgXt - Paid- 87 ", "action_flag": 2, "change_message": "[]"}}, {"model": "admin.logentry", "pk": 258, "fields": {"action_time": "2024-10-01T21:09:45.058Z", "user": 1, "content_type": 13, "object_id": "111", "object_repr": "White House - 2qQ774vyvB - Paid- 87 ", "action_flag": 2, "change_message": "[]"}}, {"model": "admin.logentry", "pk": 259, "fields": {"action_time": "2024-10-01T21:15:14.110Z", "user": 1, "content_type": 13, "object_id": "111", "object_repr": "White House - 2qQ774vyvB - Paid- 87 ", "action_flag": 2, "change_message": "[]"}}, {"model": "admin.logentry", "pk": 260, "fields": {"action_time": "2024-10-01T21:15:38.947Z", "user": 1, "content_type": 13, "object_id": "112", "object_repr": "White House - YA0qELdgXt - Paid- 87 ", "action_flag": 2, "change_message": "[]"}}, {"model": "admin.logentry", "pk": 261, "fields": {"action_time": "2024-10-10T23:37:41.248Z", "user": 1, "content_type": 11, "object_id": "2", "object_repr": "michaelogaje033@gmail.com", "action_flag": 2, "change_message": "[{\"changed\": {\"fields\": [\"School\"]}}]"}}, {"model": "admin.logentry", "pk": 262, "fields": {"action_time": "2024-10-11T12:32:44.053Z", "user": 1, "content_type": 13, "object_id": "123", "object_repr": "White House - hSY17No3dG - Processing- 8 ", "action_flag": 3, "change_message": ""}}, {"model": "admin.logentry", "pk": 263, "fields": {"action_time": "2024-10-11T12:32:44.076Z", "user": 1, "content_type": 13, "object_id": "122", "object_repr": "White House - QkWJ3AaEDU - Processing- 8 ", "action_flag": 3, "change_message": ""}}, {"model": "admin.logentry", "pk": 264, "fields": {"action_time": "2024-10-11T12:32:44.091Z", "user": 1, "content_type": 13, "object_id": "121", "object_repr": "White House - JTbyormu4a - Processing- 33 ", "action_flag": 3, "change_message": ""}}, {"model": "admin.logentry", "pk": 265, "fields": {"action_time": "2024-10-11T12:32:44.106Z", "user": 1, "content_type": 13, "object_id": "120", "object_repr": "White House - bv9Qp5ExUw - Processing- 99 ", "action_flag": 3, "change_message": ""}}, {"model": "admin.logentry", "pk": 266, "fields": {"action_time": "2024-10-11T12:32:44.120Z", "user": 1, "content_type": 13, "object_id": "119", "object_repr": "White House - zxFWXJzYut - Processing- 55 ", "action_flag": 3, "change_message": ""}}, {"model": "admin.logentry", "pk": 267, "fields": {"action_time": "2024-10-11T12:32:44.139Z", "user": 1, "content_type": 13, "object_id": "118", "object_repr": "White House - EZ9DuBWlj1 - Processing- 8 ", "action_flag": 3, "change_message": ""}}, {"model": "admin.logentry", "pk": 268, "fields": {"action_time": "2024-10-11T12:32:44.156Z", "user": 1, "content_type": 13, "object_id": "117", "object_repr": "White House - qHZ4evAvDv - Processing- 55 ", "action_flag": 3, "change_message": ""}}, {"model": "admin.logentry", "pk": 269, "fields": {"action_time": "2024-10-11T12:32:44.169Z", "user": 1, "content_type": 13, "object_id": "116", "object_repr": "White House - 0jUIPFe8XM - Paid- 4 ", "action_flag": 3, "change_message": ""}}, {"model": "admin.logentry", "pk": 270, "fields": {"action_time": "2024-10-11T12:32:44.182Z", "user": 1, "content_type": 13, "object_id": "115", "object_repr": "White House - Jsk0Be7S9f - Processing- 3a ", "action_flag": 3, "change_message": ""}}, {"model": "admin.logentry", "pk": 271, "fields": {"action_time": "2024-10-11T12:32:44.199Z", "user": 1, "content_type": 13, "object_id": "114", "object_repr": "White House - KS9v3qCHh1 - Processing- 55 ", "action_flag": 3, "change_message": ""}}, {"model": "admin.logentry", "pk": 272, "fields": {"action_time": "2024-10-11T12:32:44.216Z", "user": 1, "content_type": 13, "object_id": "113", "object_repr": "White House - ObOoyDH3zL - Processing- 7 ", "action_flag": 3, "change_message": ""}}, {"model": "admin.logentry", "pk": 273, "fields": {"action_time": "2024-10-11T12:32:44.233Z", "user": 1, "content_type": 13, "object_id": "112", "object_repr": "White House - YA0qELdgXt - Paid- 87 ", "action_flag": 3, "change_message": ""}}, {"model": "admin.logentry", "pk": 274, "fields": {"action_time": "2024-10-11T12:32:44.249Z", "user": 1, "content_type": 13, "object_id": "111", "object_repr": "White House - 2qQ774vyvB - Paid- 87 ", "action_flag": 3, "change_message": ""}}, {"model": "admin.logentry", "pk": 275, "fields": {"action_time": "2024-10-11T12:32:44.265Z", "user": 1, "content_type": 13, "object_id": "110", "object_repr": "White House - DfZidL5eN8 - Paid- 3a ", "action_flag": 3, "change_message": ""}}, {"model": "admin.logentry", "pk": 276, "fields": {"action_time": "2024-10-11T12:32:44.284Z", "user": 1, "content_type": 13, "object_id": "109", "object_repr": "White House - PUpMNkfs9B - Paid- 87 ", "action_flag": 3, "change_message": ""}}, {"model": "admin.logentry", "pk": 277, "fields": {"action_time": "2024-10-11T12:32:44.300Z", "user": 1, "content_type": 13, "object_id": "108", "object_repr": "White House - 8MiNF60epu - Paid- 33 ", "action_flag": 3, "change_message": ""}}, {"model": "admin.logentry", "pk": 278, "fields": {"action_time": "2024-10-11T12:32:44.316Z", "user": 1, "content_type": 13, "object_id": "107", "object_repr": "White House - daVgeOtZbR - Paid- 87 ", "action_flag": 3, "change_message": ""}}, {"model": "admin.logentry", "pk": 279, "fields": {"action_time": "2024-10-11T12:32:44.335Z", "user": 1, "content_type": 13, "object_id": "106", "object_repr": "White House - pjVT7nnMXu - Paid- 87 ", "action_flag": 3, "change_message": ""}}, {"model": "admin.logentry", "pk": 280, "fields": {"action_time": "2024-10-11T12:32:44.352Z", "user": 1, "content_type": 13, "object_id": "105", "object_repr": "White House - urCfNZ4pYK - Paid- 8 ", "action_flag": 3, "change_message": ""}}, {"model": "admin.logentry", "pk": 281, "fields": {"action_time": "2024-10-11T12:32:44.369Z", "user": 1, "content_type": 13, "object_id": "104", "object_repr": "White House - 7yr2anKodd - Paid- 99 ", "action_flag": 3, "change_message": ""}}, {"model": "admin.logentry", "pk": 282, "fields": {"action_time": "2024-10-11T12:32:44.386Z", "user": 1, "content_type": 13, "object_id": "103", "object_repr": "White House - RlDeI6XNei - Paid- 21 ", "action_flag": 3, "change_message": ""}}, {"model": "admin.logentry", "pk": 283, "fields": {"action_time": "2024-10-11T12:32:44.407Z", "user": 1, "content_type": 13, "object_id": "102", "object_repr": "White House - OT11KHCYUt - Paid- 87 ", "action_flag": 3, "change_message": ""}}, {"model": "admin.logentry", "pk": 284, "fields": {"action_time": "2024-10-11T12:32:44.425Z", "user": 1, "content_type": 13, "object_id": "101", "object_repr": "White House - dOjokvUQdD - Paid- 55 ", "action_flag": 3, "change_message": ""}}, {"model": "admin.logentry", "pk": 285, "fields": {"action_time": "2024-10-11T12:32:44.443Z", "user": 1, "content_type": 13, "object_id": "100", "object_repr": "White House - eQ5tuXb6hK - Paid- 2 ", "action_flag": 3, "change_message": ""}}, {"model": "admin.logentry", "pk": 286, "fields": {"action_time": "2024-10-11T12:32:44.461Z", "user": 1, "content_type": 13, "object_id": "99", "object_repr": "White House - 4O4SKuXAwt - Paid- 8 ", "action_flag": 3, "change_message": ""}}, {"model": "admin.logentry", "pk": 287, "fields": {"action_time": "2024-10-11T12:32:44.479Z", "user": 1, "content_type": 13, "object_id": "98", "object_repr": "White House - nH0XbA3e7s - Processing- 2 ", "action_flag": 3, "change_message": ""}}, {"model": "admin.logentry", "pk": 288, "fields": {"action_time": "2024-10-11T12:33:16.510Z", "user": 1, "content_type": 10, "object_id": "14", "object_repr": "33 ", "action_flag": 2, "change_message": "[{\"changed\": {\"fields\": [\"Current occupancy\"]}}]"}}, {"model": "admin.logentry", "pk": 289, "fields": {"action_time": "2024-10-11T12:33:23.204Z", "user": 1, "content_type": 10, "object_id": "13", "object_repr": "99 ", "action_flag": 2, "change_message": "[{\"changed\": {\"fields\": [\"Current occupancy\"]}}]"}}, {"model": "admin.logentry", "pk": 290, "fields": {"action_time": "2024-10-11T12:33:30.896Z", "user": 1, "content_type": 10, "object_id": "12", "object_repr": "87 ", "action_flag": 2, "change_message": "[{\"changed\": {\"fields\": [\"Current occupancy\"]}}]"}}, {"model": "admin.logentry", "pk": 291, "fields": {"action_time": "2024-10-11T12:33:39.083Z", "user": 1, "content_type": 10, "object_id": "11", "object_repr": "8 ", "action_flag": 2, "change_message": "[{\"changed\": {\"fields\": [\"Current occupancy\"]}}]"}}, {"model": "admin.logentry", "pk": 292, "fields": {"action_time": "2024-10-11T12:33:47.130Z", "user": 1, "content_type": 10, "object_id": "10", "object_repr": "55 ", "action_flag": 2, "change_message": "[{\"changed\": {\"fields\": [\"Current occupancy\"]}}]"}}, {"model": "admin.logentry", "pk": 293, "fields": {"action_time": "2024-10-11T12:33:55.740Z", "user": 1, "content_type": 10, "object_id": "5", "object_repr": "2 ", "action_flag": 2, "change_message": "[{\"changed\": {\"fields\": [\"Current occupancy\"]}}]"}}, {"model": "admin.logentry", "pk": 294, "fields": {"action_time": "2024-10-11T12:34:01.127Z", "user": 1, "content_type": 10, "object_id": "6", "object_repr": "21 ", "action_flag": 2, "change_message": "[{\"changed\": {\"fields\": [\"Current occupancy\"]}}]"}}, {"model": "admin.logentry", "pk": 295, "fields": {"action_time": "2024-10-11T12:34:10.237Z", "user": 1, "content_type": 10, "object_id": "7", "object_repr": "3a ", "action_flag": 2, "change_message": "[{\"changed\": {\"fields\": [\"Current occupancy\"]}}]"}}, {"model": "admin.logentry", "pk": 296, "fields": {"action_time": "2024-10-11T13:46:38.267Z", "user": 1, "content_type": 10, "object_id": "6", "object_repr": "21 ", "action_flag": 2, "change_message": "[{\"changed\": {\"fields\": [\"Current occupancy\"]}}]"}}, {"model": "admin.logentry", "pk": 297, "fields": {"action_time": "2024-10-11T15:54:14.784Z", "user": 1, "content_type": 10, "object_id": "8", "object_repr": "7 ", "action_flag": 2, "change_message": "[{\"changed\": {\"fields\": [\"Current occupancy\"]}}]"}}, {"model": "admin.logentry", "pk": 298, "fields": {"action_time": "2024-10-11T15:54:21.583Z", "user": 1, "content_type": 10, "object_id": "7", "object_repr": "3a ", "action_flag": 2, "change_message": "[{\"changed\": {\"fields\": [\"Current occupancy\"]}}]"}}, {"model": "admin.logentry", "pk": 299, "fields": {"action_time": "2024-10-11T15:54:27.370Z", "user": 1, "content_type": 10, "object_id": "6", "object_repr": "21 ", "action_flag": 2, "change_message": "[{\"changed\": {\"fields\": [\"Current occupancy\"]}}]"}}, {"model": "admin.logentry", "pk": 300, "fields": {"action_time": "2024-10-11T15:54:33.520Z", "user": 1, "content_type": 10, "object_id": "5", "object_repr": "2 ", "action_flag": 2, "change_message": "[{\"changed\": {\"fields\": [\"Current occupancy\"]}}]"}}, {"model": "admin.logentry", "pk": 301, "fields": {"action_time": "2024-10-11T21:57:46.346Z", "user": 1, "content_type": 10, "object_id": "14", "object_repr": "33 ", "action_flag": 2, "change_message": "[{\"changed\": {\"fields\": [\"Current occupancy\"]}}]"}}, {"model": "admin.logentry", "pk": 302, "fields": {"action_time": "2024-10-11T21:57:52.591Z", "user": 1, "content_type": 10, "object_id": "12", "object_repr": "87 ", "action_flag": 2, "change_message": "[{\"changed\": {\"fields\": [\"Current occupancy\"]}}]"}}, {"model": "admin.logentry", "pk": 303, "fields": {"action_time": "2024-10-11T21:57:59.247Z", "user": 1, "content_type": 10, "object_id": "11", "object_repr": "8 ", "action_flag": 2, "change_message": "[{\"changed\": {\"fields\": [\"Current occupancy\"]}}]"}}, {"model": "admin.logentry", "pk": 304, "fields": {"action_time": "2024-10-12T11:14:12.469Z", "user": 1, "content_type": 10, "object_id": "10", "object_repr": "55 ", "action_flag": 2, "change_message": "[{\"changed\": {\"fields\": [\"Current occupancy\"]}}]"}}, {"model": "admin.logentry", "pk": 305, "fields": {"action_time": "2024-10-12T11:14:22.214Z", "user": 1, "content_type": 10, "object_id": "12", "object_repr": "87 ", "action_flag": 2, "change_message": "[{\"changed\": {\"fields\": [\"Current occupancy\"]}}]"}}, {"model": "admin.logentry", "pk": 306, "fields": {"action_time": "2024-10-12T11:15:02.443Z", "user": 1, "content_type": 10, "object_id": "15", "object_repr": "5 ", "action_flag": 1, "change_message": "[{\"added\": {}}]"}}, {"model": "admin.logentry", "pk": 307, "fields": {"action_time": "2024-10-12T11:25:32.939Z", "user": 1, "content_type": 11, "object_id": "2", "object_repr": "michaelogaje033@gmail.com", "action_flag": 2, "change_message": "[{\"changed\": {\"fields\": [\"School\"]}}]"}}, {"model": "admin.logentry", "pk": 308, "fields": {"action_time": "2024-10-12T11:28:14.866Z", "user": 1, "content_type": 11, "object_id": "2", "object_repr": "michaelogaje033@gmail.com", "action_flag": 2, "change_message": "[{\"changed\": {\"fields\": [\"School\"]}}]"}}, {"model": "admin.logentry", "pk": 309, "fields": {"action_time": "2024-10-12T12:58:12.594Z", "user": 1, "content_type": 13, "object_id": "168", "object_repr": "White House - Wi4EeL98sV - Paid- 8 ", "action_flag": 2, "change_message": "[{\"changed\": {\"fields\": [\"Payment status\"]}}]"}}, {"model": "admin.logentry", "pk": 310, "fields": {"action_time": "2024-10-13T12:53:42.820Z", "user": 1, "content_type": 6, "object_id": "9K1qgYv", "object_repr": "Jabi Hostel", "action_flag": 2, "change_message": "[{\"changed\": {\"fields\": [\"Gender\"]}}]"}}, {"model": "admin.logentry", "pk": 311, "fields": {"action_time": "2024-10-13T13:34:40.794Z", "user": 1, "content_type": 6, "object_id": "HQNfdqp", "object_repr": "White House", "action_flag": 2, "change_message": "[{\"changed\": {\"fields\": [\"Image\"]}}]"}}, {"model": "admin.logentry", "pk": 312, "fields": {"action_time": "2024-10-13T13:37:59.964Z", "user": 1, "content_type": 6, "object_id": "HQNfdqp", "object_repr": "White House", "action_flag": 2, "change_message": "[{\"changed\": {\"fields\": [\"Image\"]}}]"}}, {"model": "admin.logentry", "pk": 313, "fields": {"action_time": "2024-10-13T13:50:01.982Z", "user": 1, "content_type": 6, "object_id": "HQNfdqp", "object_repr": "White House", "action_flag": 2, "change_message": "[{\"changed\": {\"fields\": [\"Image\"]}}]"}}, {"model": "admin.logentry", "pk": 314, "fields": {"action_time": "2024-10-13T13:51:26.118Z", "user": 1, "content_type": 6, "object_id": "HQNfdqp", "object_repr": "White House", "action_flag": 2, "change_message": "[{\"changed\": {\"name\": \"hostel gallery\", \"object\": \"White House\", \"fields\": [\"Image\"]}}, {\"changed\": {\"name\": \"hostel gallery\", \"object\": \"White House\", \"fields\": [\"Image\"]}}, {\"changed\": {\"name\": \"hostel gallery\", \"object\": \"White House\", \"fields\": [\"Image\"]}}]"}}, {"model": "admin.logentry", "pk": 315, "fields": {"action_time": "2024-10-13T16:07:26.985Z", "user": 1, "content_type": 6, "object_id": "HQNfdqp", "object_repr": "White House", "action_flag": 2, "change_message": "[{\"added\": {\"name\": \"hostel gallery\", \"object\": \"White House\"}}]"}}, {"model": "admin.logentry", "pk": 316, "fields": {"action_time": "2024-10-13T16:07:35.685Z", "user": 1, "content_type": 6, "object_id": "HQNfdqp", "object_repr": "White House", "action_flag": 2, "change_message": "[]"}}, {"model": "admin.logentry", "pk": 317, "fields": {"action_time": "2024-10-13T17:38:42.302Z", "user": 1, "content_type": 11, "object_id": "2", "object_repr": "michaelogaje033@gmail.com", "action_flag": 2, "change_message": "[{\"changed\": {\"fields\": [\"School\"]}}]"}}, {"model": "admin.logentry", "pk": 318, "fields": {"action_time": "2024-10-13T20:27:30.450Z", "user": 1, "content_type": 9, "object_id": "9", "object_repr": "Room 0f 4", "action_flag": 2, "change_message": "[{\"added\": {\"name\": \"hostel type gallery\", \"object\": \"Room 0f 4\"}}, {\"added\": {\"name\": \"hostel type gallery\", \"object\": \"Room 0f 4\"}}, {\"added\": {\"name\": \"hostel type gallery\", \"object\": \"Room 0f 4\"}}]"}}, {"model": "admin.logentry", "pk": 319, "fields": {"action_time": "2024-10-13T20:34:47.038Z", "user": 1, "content_type": 11, "object_id": "2", "object_repr": "michaelogaje033@gmail.com", "action_flag": 2, "change_message": "[{\"changed\": {\"fields\": [\"School\"]}}]"}}, {"model": "admin.logentry", "pk": 320, "fields": {"action_time": "2024-10-13T20:41:27.444Z", "user": 1, "content_type": 11, "object_id": "2", "object_repr": "michaelogaje033@gmail.com", "action_flag": 2, "change_message": "[{\"changed\": {\"fields\": [\"School\"]}}]"}}, {"model": "admin.logentry", "pk": 321, "fields": {"action_time": "2024-10-13T21:27:35.719Z", "user": 1, "content_type": 10, "object_id": "15", "object_repr": "5 ", "action_flag": 2, "change_message": "[{\"changed\": {\"fields\": [\"Current occupancy\"]}}]"}}, {"model": "admin.logentry", "pk": 322, "fields": {"action_time": "2024-10-13T21:27:43.827Z", "user": 1, "content_type": 10, "object_id": "11", "object_repr": "8 ", "action_flag": 2, "change_message": "[{\"changed\": {\"fields\": [\"Current occupancy\"]}}]"}}, {"model": "admin.logentry", "pk": 323, "fields": {"action_time": "2024-10-13T21:27:51.857Z", "user": 1, "content_type": 10, "object_id": "12", "object_repr": "87 ", "action_flag": 2, "change_message": "[{\"changed\": {\"fields\": [\"Current occupancy\"]}}]"}}, {"model": "admin.logentry", "pk": 324, "fields": {"action_time": "2024-10-13T23:17:07.909Z", "user": 1, "content_type": 6, "object_id": "HQNfdqp", "object_repr": "White House", "action_flag": 2, "change_message": "[{\"added\": {\"name\": \"hostel gallery\", \"object\": \"White House\"}}, {\"added\": {\"name\": \"hostel gallery\", \"object\": \"White House\"}}, {\"added\": {\"name\": \"hostel gallery\", \"object\": \"White House\"}}]"}}, {"model": "admin.logentry", "pk": 325, "fields": {"action_time": "2024-10-13T23:30:39.909Z", "user": 1, "content_type": 6, "object_id": "HQNfdqp", "object_repr": "White House Hostel & Lodge", "action_flag": 2, "change_message": "[{\"changed\": {\"fields\": [\"Name\"]}}]"}}, {"model": "admin.logentry", "pk": 326, "fields": {"action_time": "2024-10-13T23:32:06.776Z", "user": 1, "content_type": 6, "object_id": "HQNfdqp", "object_repr": "White House Hostel", "action_flag": 2, "change_message": "[{\"changed\": {\"fields\": [\"Name\"]}}]"}}, {"model": "admin.logentry", "pk": 327, "fields": {"action_time": "2024-10-14T20:55:52.891Z", "user": 1, "content_type": 13, "object_id": "185", "object_repr": "White House Hostel - a1G2dMY0cf - Paid- 55 ", "action_flag": 3, "change_message": ""}}, {"model": "admin.logentry", "pk": 328, "fields": {"action_time": "2024-10-14T20:55:52.891Z", "user": 1, "content_type": 13, "object_id": "184", "object_repr": "White House Hostel - ysxMIWA4Pf - Paid- 55 ", "action_flag": 3, "change_message": ""}}, {"model": "admin.logentry", "pk": 329, "fields": {"action_time": "2024-10-14T20:55:52.891Z", "user": 1, "content_type": 13, "object_id": "183", "object_repr": "White House Hostel - y7qxeOo3zR - Processing- 5 ", "action_flag": 3, "change_message": ""}}, {"model": "admin.logentry", "pk": 330, "fields": {"action_time": "2024-10-14T20:55:52.891Z", "user": 1, "content_type": 13, "object_id": "182", "object_repr": "White House Hostel - P3JvXHo9OH - Processing- 8 ", "action_flag": 3, "change_message": ""}}, {"model": "admin.logentry", "pk": 331, "fields": {"action_time": "2024-10-14T20:55:52.891Z", "user": 1, "content_type": 13, "object_id": "181", "object_repr": "White House Hostel - NOYhFyexR8 - Processing- 8 ", "action_flag": 3, "change_message": ""}}, {"model": "admin.logentry", "pk": 332, "fields": {"action_time": "2024-10-14T20:55:52.891Z", "user": 1, "content_type": 13, "object_id": "180", "object_repr": "White House Hostel - V2RENOtcgy - Processing- 8 ", "action_flag": 3, "change_message": ""}}, {"model": "admin.logentry", "pk": 333, "fields": {"action_time": "2024-10-14T20:55:52.891Z", "user": 1, "content_type": 13, "object_id": "179", "object_repr": "White House Hostel - afeHcWjpOX - Processing- 5 ", "action_flag": 3, "change_message": ""}}, {"model": "admin.logentry", "pk": 334, "fields": {"action_time": "2024-10-14T20:55:52.891Z", "user": 1, "content_type": 13, "object_id": "178", "object_repr": "White House Hostel - CzM8YuVmp0 - Processing- 87 ", "action_flag": 3, "change_message": ""}}, {"model": "admin.logentry", "pk": 335, "fields": {"action_time": "2024-10-14T20:55:52.891Z", "user": 1, "content_type": 13, "object_id": "177", "object_repr": "White House Hostel - sE2dcUorVu - Paid- 87 ", "action_flag": 3, "change_message": ""}}, {"model": "admin.logentry", "pk": 336, "fields": {"action_time": "2024-10-14T20:55:52.891Z", "user": 1, "content_type": 13, "object_id": "176", "object_repr": "White House Hostel - 7jaEqcHV0h - Processing- 8 ", "action_flag": 3, "change_message": ""}}, {"model": "admin.logentry", "pk": 337, "fields": {"action_time": "2024-10-14T20:55:52.891Z", "user": 1, "content_type": 13, "object_id": "175", "object_repr": "White House Hostel - RfDZMbeuOy - Processing- 87 ", "action_flag": 3, "change_message": ""}}, {"model": "admin.logentry", "pk": 338, "fields": {"action_time": "2024-10-14T20:55:52.891Z", "user": 1, "content_type": 13, "object_id": "174", "object_repr": "White House Hostel - kGZLmYS3Wg - Processing- 5 ", "action_flag": 3, "change_message": ""}}, {"model": "admin.logentry", "pk": 339, "fields": {"action_time": "2024-10-14T20:55:52.892Z", "user": 1, "content_type": 13, "object_id": "173", "object_repr": "White House Hostel - 2wdR2NqVUa - Processing- 87 ", "action_flag": 3, "change_message": ""}}, {"model": "admin.logentry", "pk": 340, "fields": {"action_time": "2024-10-14T20:55:52.892Z", "user": 1, "content_type": 13, "object_id": "172", "object_repr": "White House Hostel - BAp5AduQBY - Processing- 8 ", "action_flag": 3, "change_message": ""}}, {"model": "admin.logentry", "pk": 341, "fields": {"action_time": "2024-10-14T20:55:52.892Z", "user": 1, "content_type": 13, "object_id": "171", "object_repr": "White House Hostel - 86InZwtYdO - Processing- 87 ", "action_flag": 3, "change_message": ""}}, {"model": "admin.logentry", "pk": 342, "fields": {"action_time": "2024-10-14T20:55:52.892Z", "user": 1, "content_type": 13, "object_id": "170", "object_repr": "White House Hostel - 5Q6gTVBx4X - Processing- 5 ", "action_flag": 3, "change_message": ""}}, {"model": "admin.logentry", "pk": 343, "fields": {"action_time": "2024-10-14T20:55:52.892Z", "user": 1, "content_type": 13, "object_id": "169", "object_repr": "White House Hostel - EoyBflTSxk - Paid- 87 ", "action_flag": 3, "change_message": ""}}, {"model": "admin.logentry", "pk": 344, "fields": {"action_time": "2024-10-14T20:55:52.892Z", "user": 1, "content_type": 13, "object_id": "168", "object_repr": "White House Hostel - Wi4EeL98sV - Paid- 8 ", "action_flag": 3, "change_message": ""}}, {"model": "admin.logentry", "pk": 345, "fields": {"action_time": "2024-10-14T20:55:52.892Z", "user": 1, "content_type": 13, "object_id": "167", "object_repr": "White House Hostel - IGhOyEOLuu - Processing- 8 ", "action_flag": 3, "change_message": ""}}, {"model": "admin.logentry", "pk": 346, "fields": {"action_time": "2024-10-14T20:55:52.892Z", "user": 1, "content_type": 13, "object_id": "166", "object_repr": "White House Hostel - 1qe1HeKbc8 - Processing- 55 ", "action_flag": 3, "change_message": ""}}, {"model": "admin.logentry", "pk": 347, "fields": {"action_time": "2024-10-14T20:55:52.892Z", "user": 1, "content_type": 13, "object_id": "165", "object_repr": "White House Hostel - GjHRPUJuHe - Processing- 55 ", "action_flag": 3, "change_message": ""}}, {"model": "admin.logentry", "pk": 348, "fields": {"action_time": "2024-10-14T20:55:52.892Z", "user": 1, "content_type": 13, "object_id": "164", "object_repr": "White House Hostel - IU83hfRm0T - Processing- 8 ", "action_flag": 3, "change_message": ""}}, {"model": "admin.logentry", "pk": 349, "fields": {"action_time": "2024-10-14T20:55:52.892Z", "user": 1, "content_type": 13, "object_id": "163", "object_repr": "White House Hostel - 5u2VJyB8Qn - Processing- 5 ", "action_flag": 3, "change_message": ""}}, {"model": "admin.logentry", "pk": 350, "fields": {"action_time": "2024-10-14T20:55:52.892Z", "user": 1, "content_type": 13, "object_id": "162", "object_repr": "White House Hostel - 0XVKiG5AkK - Processing- 5 ", "action_flag": 3, "change_message": ""}}, {"model": "admin.logentry", "pk": 351, "fields": {"action_time": "2024-10-14T20:55:52.892Z", "user": 1, "content_type": 13, "object_id": "161", "object_repr": "White House Hostel - httKEkGde6 - Processing- 5 ", "action_flag": 3, "change_message": ""}}, {"model": "admin.logentry", "pk": 352, "fields": {"action_time": "2024-10-14T20:55:52.892Z", "user": 1, "content_type": 13, "object_id": "160", "object_repr": "White House Hostel - ZTcOCDkK8E - Processing- 87 ", "action_flag": 3, "change_message": ""}}, {"model": "admin.logentry", "pk": 353, "fields": {"action_time": "2024-10-14T20:55:52.892Z", "user": 1, "content_type": 13, "object_id": "159", "object_repr": "White House Hostel - mIcOmLEF2U - Processing- 87 ", "action_flag": 3, "change_message": ""}}, {"model": "admin.logentry", "pk": 354, "fields": {"action_time": "2024-10-14T20:55:52.892Z", "user": 1, "content_type": 13, "object_id": "158", "object_repr": "White House Hostel - gFKwcdusWx - Processing- 5 ", "action_flag": 3, "change_message": ""}}, {"model": "admin.logentry", "pk": 355, "fields": {"action_time": "2024-10-14T20:55:52.892Z", "user": 1, "content_type": 13, "object_id": "157", "object_repr": "White House Hostel - dzUzvsf0IO - Processing- 87 ", "action_flag": 3, "change_message": ""}}, {"model": "admin.logentry", "pk": 356, "fields": {"action_time": "2024-10-14T20:55:52.892Z", "user": 1, "content_type": 13, "object_id": "156", "object_repr": "White House Hostel - qKyxsECtVU - Processing- 87 ", "action_flag": 3, "change_message": ""}}, {"model": "admin.logentry", "pk": 357, "fields": {"action_time": "2024-10-14T20:55:52.892Z", "user": 1, "content_type": 13, "object_id": "155", "object_repr": "White House Hostel - Oaqv7N6KNO - Processing- 87 ", "action_flag": 3, "change_message": ""}}, {"model": "admin.logentry", "pk": 358, "fields": {"action_time": "2024-10-14T20:55:52.892Z", "user": 1, "content_type": 13, "object_id": "154", "object_repr": "White House Hostel - YHgH1Qf3LB - Processing- 87 ", "action_flag": 3, "change_message": ""}}, {"model": "admin.logentry", "pk": 359, "fields": {"action_time": "2024-10-14T20:55:52.892Z", "user": 1, "content_type": 13, "object_id": "153", "object_repr": "White House Hostel - HrXGaDfFik - Processing- 87 ", "action_flag": 3, "change_message": ""}}, {"model": "admin.logentry", "pk": 360, "fields": {"action_time": "2024-10-14T20:55:52.892Z", "user": 1, "content_type": 13, "object_id": "152", "object_repr": "White House Hostel - BYpFhZQNp1 - Processing- 7 ", "action_flag": 3, "change_message": ""}}, {"model": "admin.logentry", "pk": 361, "fields": {"action_time": "2024-10-14T20:55:52.892Z", "user": 1, "content_type": 13, "object_id": "151", "object_repr": "White House Hostel - wqlYHdaBUP - Processing- 7 ", "action_flag": 3, "change_message": ""}}, {"model": "admin.logentry", "pk": 362, "fields": {"action_time": "2024-10-14T20:55:52.892Z", "user": 1, "content_type": 13, "object_id": "150", "object_repr": "White House Hostel - KObKgGnVbx - Processing- 3a ", "action_flag": 3, "change_message": ""}}, {"model": "admin.logentry", "pk": 363, "fields": {"action_time": "2024-10-14T20:55:52.892Z", "user": 1, "content_type": 13, "object_id": "149", "object_repr": "White House Hostel - VmeQkZgxY2 - Processing- 99 ", "action_flag": 3, "change_message": ""}}, {"model": "admin.logentry", "pk": 364, "fields": {"action_time": "2024-10-14T20:55:52.892Z", "user": 1, "content_type": 13, "object_id": "148", "object_repr": "White House Hostel - HfDYRB9quu - Paid- 8 ", "action_flag": 3, "change_message": ""}}, {"model": "admin.logentry", "pk": 365, "fields": {"action_time": "2024-10-14T20:55:52.892Z", "user": 1, "content_type": 13, "object_id": "147", "object_repr": "White House Hostel - f53VzcDc1J - Processing- 2 ", "action_flag": 3, "change_message": ""}}, {"model": "admin.logentry", "pk": 366, "fields": {"action_time": "2024-10-14T20:55:52.892Z", "user": 1, "content_type": 13, "object_id": "146", "object_repr": "White House Hostel - w2PGvoqbcd - Processing- 21 ", "action_flag": 3, "change_message": ""}}, {"model": "admin.logentry", "pk": 367, "fields": {"action_time": "2024-10-14T20:55:52.892Z", "user": 1, "content_type": 13, "object_id": "145", "object_repr": "White House Hostel - cvEkE2gtcu - Processing- 33 ", "action_flag": 3, "change_message": ""}}, {"model": "admin.logentry", "pk": 368, "fields": {"action_time": "2024-10-14T20:55:52.892Z", "user": 1, "content_type": 13, "object_id": "144", "object_repr": "White House Hostel - EceVZU12Wo - Processing- 55 ", "action_flag": 3, "change_message": ""}}, {"model": "admin.logentry", "pk": 369, "fields": {"action_time": "2024-10-14T20:55:52.892Z", "user": 1, "content_type": 13, "object_id": "143", "object_repr": "White House Hostel - rXuZBEsvEZ - Processing- 8 ", "action_flag": 3, "change_message": ""}}, {"model": "admin.logentry", "pk": 370, "fields": {"action_time": "2024-10-14T20:55:52.892Z", "user": 1, "content_type": 13, "object_id": "142", "object_repr": "White House Hostel - Sp9sg5fO9m - Processing- 87 ", "action_flag": 3, "change_message": ""}}, {"model": "admin.logentry", "pk": 371, "fields": {"action_time": "2024-10-14T20:55:52.892Z", "user": 1, "content_type": 13, "object_id": "141", "object_repr": "White House Hostel - 8ZEMR4OZDZ - Processing- 3a ", "action_flag": 3, "change_message": ""}}, {"model": "admin.logentry", "pk": 372, "fields": {"action_time": "2024-10-14T20:55:52.892Z", "user": 1, "content_type": 13, "object_id": "140", "object_repr": "White House Hostel - J3LrjxpvHu - Processing- 3a ", "action_flag": 3, "change_message": ""}}, {"model": "admin.logentry", "pk": 373, "fields": {"action_time": "2024-10-14T20:55:52.892Z", "user": 1, "content_type": 13, "object_id": "139", "object_repr": "White House Hostel - S4sQgnbSAg - Processing- 87 ", "action_flag": 3, "change_message": ""}}, {"model": "admin.logentry", "pk": 374, "fields": {"action_time": "2024-10-14T20:55:52.892Z", "user": 1, "content_type": 13, "object_id": "138", "object_repr": "White House Hostel - MCiC6FA2vP - Processing- 8 ", "action_flag": 3, "change_message": ""}}, {"model": "admin.logentry", "pk": 375, "fields": {"action_time": "2024-10-14T20:55:52.892Z", "user": 1, "content_type": 13, "object_id": "137", "object_repr": "White House Hostel - QRg7qKKwUi - Processing- 33 ", "action_flag": 3, "change_message": ""}}, {"model": "admin.logentry", "pk": 376, "fields": {"action_time": "2024-10-14T20:55:52.892Z", "user": 1, "content_type": 13, "object_id": "136", "object_repr": "White House Hostel - PaGDcsdaaj - Processing- 87 ", "action_flag": 3, "change_message": ""}}, {"model": "admin.logentry", "pk": 377, "fields": {"action_time": "2024-10-14T20:55:52.892Z", "user": 1, "content_type": 13, "object_id": "135", "object_repr": "White House Hostel - l3T5Mqwcpi - Processing- 21 ", "action_flag": 3, "change_message": ""}}, {"model": "admin.logentry", "pk": 378, "fields": {"action_time": "2024-10-14T20:55:52.892Z", "user": 1, "content_type": 13, "object_id": "134", "object_repr": "White House Hostel - 8uhY9inwQC - Processing- 99 ", "action_flag": 3, "change_message": ""}}, {"model": "admin.logentry", "pk": 379, "fields": {"action_time": "2024-10-14T20:55:52.892Z", "user": 1, "content_type": 13, "object_id": "133", "object_repr": "White House Hostel - xE95vginZm - Processing- 87 ", "action_flag": 3, "change_message": ""}}, {"model": "admin.logentry", "pk": 380, "fields": {"action_time": "2024-10-14T20:55:52.892Z", "user": 1, "content_type": 13, "object_id": "132", "object_repr": "White House Hostel - mwhmYGlznH - Processing- 21 ", "action_flag": 3, "change_message": ""}}, {"model": "admin.logentry", "pk": 381, "fields": {"action_time": "2024-10-14T20:55:52.892Z", "user": 1, "content_type": 13, "object_id": "131", "object_repr": "White House Hostel - 4Oao4GlfA8 - Processing- 7 ", "action_flag": 3, "change_message": ""}}, {"model": "admin.logentry", "pk": 382, "fields": {"action_time": "2024-10-14T20:55:52.892Z", "user": 1, "content_type": 13, "object_id": "130", "object_repr": "White House Hostel - 6w98LPbx90 - Processing- 2 ", "action_flag": 3, "change_message": ""}}, {"model": "admin.logentry", "pk": 383, "fields": {"action_time": "2024-10-14T20:55:52.892Z", "user": 1, "content_type": 13, "object_id": "129", "object_repr": "White House Hostel - ebjUX1poFs - Processing- 55 ", "action_flag": 3, "change_message": ""}}, {"model": "admin.logentry", "pk": 384, "fields": {"action_time": "2024-10-14T20:55:52.892Z", "user": 1, "content_type": 13, "object_id": "128", "object_repr": "White House Hostel - GI7gBtEbCy - Processing- 87 ", "action_flag": 3, "change_message": ""}}, {"model": "admin.logentry", "pk": 385, "fields": {"action_time": "2024-10-14T20:55:52.892Z", "user": 1, "content_type": 13, "object_id": "127", "object_repr": "White House Hostel - OoLcHCidx4 - Processing- 8 ", "action_flag": 3, "change_message": ""}}, {"model": "admin.logentry", "pk": 386, "fields": {"action_time": "2024-10-14T20:55:52.892Z", "user": 1, "content_type": 13, "object_id": "126", "object_repr": "White House Hostel - o9ywfFp8BX - Processing- 55 ", "action_flag": 3, "change_message": ""}}, {"model": "admin.logentry", "pk": 387, "fields": {"action_time": "2024-10-14T20:55:52.892Z", "user": 1, "content_type": 13, "object_id": "125", "object_repr": "White House Hostel - CzpTKaqYkl - Processing- 55 ", "action_flag": 3, "change_message": ""}}, {"model": "admin.logentry", "pk": 388, "fields": {"action_time": "2024-10-14T20:55:52.893Z", "user": 1, "content_type": 13, "object_id": "124", "object_repr": "White House Hostel - XDLsPCDjN4 - Processing- 4 ", "action_flag": 3, "change_message": ""}}, {"model": "admin.logentry", "pk": 389, "fields": {"action_time": "2024-10-14T21:09:09.762Z", "user": 1, "content_type": 6, "object_id": "9K1qgYv", "object_repr": "Jabi Hostel", "action_flag": 2, "change_message": "[{\"changed\": {\"fields\": [\"Gender\"]}}]"}}, {"model": "admin.logentry", "pk": 390, "fields": {"action_time": "2024-10-14T21:17:27.919Z", "user": 1, "content_type": 9, "object_id": "4", "object_repr": "Premium", "action_flag": 2, "change_message": "[]"}}, {"model": "admin.logentry", "pk": 391, "fields": {"action_time": "2024-10-14T21:27:39.206Z", "user": 1, "content_type": 11, "object_id": "2", "object_repr": "michaelogaje033@gmail.com", "action_flag": 2, "change_message": "[{\"changed\": {\"fields\": [\"School\"]}}]"}}, {"model": "admin.logentry", "pk": 392, "fields": {"action_time": "2024-10-14T21:45:34.039Z", "user": 1, "content_type": 11, "object_id": "2", "object_repr": "michaelogaje033@gmail.com", "action_flag": 2, "change_message": "[{\"changed\": {\"fields\": [\"School\"]}}]"}}, {"model": "admin.logentry", "pk": 393, "fields": {"action_time": "2024-10-14T22:14:15.031Z", "user": 1, "content_type": 6, "object_id": "HQNfdqp", "object_repr": "White House Hostel", "action_flag": 2, "change_message": "[{\"changed\": {\"fields\": [\"Rating\"]}}]"}}, {"model": "admin.logentry", "pk": 394, "fields": {"action_time": "2024-10-14T22:14:21.616Z", "user": 1, "content_type": 6, "object_id": "9K1qgYv", "object_repr": "Jabi Hostel", "action_flag": 2, "change_message": "[{\"changed\": {\"fields\": [\"Rating\"]}}]"}}, {"model": "admin.logentry", "pk": 395, "fields": {"action_time": "2024-10-14T22:15:01.257Z", "user": 1, "content_type": 6, "object_id": "9K1qgYv", "object_repr": "Jabi Hostel", "action_flag": 2, "change_message": "[{\"changed\": {\"fields\": [\"Rating\"]}}]"}}, {"model": "admin.logentry", "pk": 396, "fields": {"action_time": "2024-10-14T22:15:12.769Z", "user": 1, "content_type": 6, "object_id": "9K1qgYv", "object_repr": "Jabi Hostel", "action_flag": 2, "change_message": "[{\"changed\": {\"fields\": [\"Rating\"]}}]"}}, {"model": "admin.logentry", "pk": 397, "fields": {"action_time": "2024-10-14T22:49:07.484Z", "user": 1, "content_type": 6, "object_id": "HQNfdqp", "object_repr": "White House", "action_flag": 2, "change_message": "[{\"changed\": {\"fields\": [\"Name\"]}}]"}}, {"model": "admin.logentry", "pk": 398, "fields": {"action_time": "2024-10-14T22:54:03.064Z", "user": 1, "content_type": 9, "object_id": "5", "object_repr": "Executive single room", "action_flag": 2, "change_message": "[]"}}, {"model": "admin.logentry", "pk": 399, "fields": {"action_time": "2024-10-15T11:53:09.288Z", "user": 1, "content_type": 10, "object_id": "15", "object_repr": "5 ", "action_flag": 2, "change_message": "[{\"changed\": {\"fields\": [\"Current occupancy\"]}}]"}}, {"model": "admin.logentry", "pk": 400, "fields": {"action_time": "2024-10-15T11:53:14.667Z", "user": 1, "content_type": 10, "object_id": "14", "object_repr": "33 ", "action_flag": 2, "change_message": "[]"}}, {"model": "admin.logentry", "pk": 401, "fields": {"action_time": "2024-10-15T11:53:20.917Z", "user": 1, "content_type": 10, "object_id": "13", "object_repr": "99 ", "action_flag": 2, "change_message": "[{\"changed\": {\"fields\": [\"Current occupancy\"]}}]"}}, {"model": "admin.logentry", "pk": 402, "fields": {"action_time": "2024-10-15T11:53:27.239Z", "user": 1, "content_type": 10, "object_id": "12", "object_repr": "87 ", "action_flag": 2, "change_message": "[{\"changed\": {\"fields\": [\"Current occupancy\"]}}]"}}, {"model": "admin.logentry", "pk": 403, "fields": {"action_time": "2024-10-15T11:53:34.059Z", "user": 1, "content_type": 10, "object_id": "11", "object_repr": "8 ", "action_flag": 2, "change_message": "[{\"changed\": {\"fields\": [\"Current occupancy\"]}}]"}}, {"model": "admin.logentry", "pk": 404, "fields": {"action_time": "2024-10-15T11:53:40.654Z", "user": 1, "content_type": 10, "object_id": "10", "object_repr": "55 ", "action_flag": 2, "change_message": "[{\"changed\": {\"fields\": [\"Current occupancy\"]}}]"}}, {"model": "admin.logentry", "pk": 405, "fields": {"action_time": "2024-10-15T11:53:48.809Z", "user": 1, "content_type": 10, "object_id": "9", "object_repr": "4 ", "action_flag": 2, "change_message": "[{\"changed\": {\"fields\": [\"Current occupancy\"]}}]"}}, {"model": "admin.logentry", "pk": 406, "fields": {"action_time": "2024-10-15T11:53:55.201Z", "user": 1, "content_type": 10, "object_id": "8", "object_repr": "7 ", "action_flag": 2, "change_message": "[{\"changed\": {\"fields\": [\"Current occupancy\"]}}]"}}, {"model": "admin.logentry", "pk": 407, "fields": {"action_time": "2024-10-15T11:54:01.474Z", "user": 1, "content_type": 10, "object_id": "7", "object_repr": "3a ", "action_flag": 2, "change_message": "[{\"changed\": {\"fields\": [\"Current occupancy\"]}}]"}}, {"model": "admin.logentry", "pk": 408, "fields": {"action_time": "2024-10-15T11:54:07.400Z", "user": 1, "content_type": 10, "object_id": "6", "object_repr": "21 ", "action_flag": 2, "change_message": "[{\"changed\": {\"fields\": [\"Current occupancy\"]}}]"}}, {"model": "admin.logentry", "pk": 409, "fields": {"action_time": "2024-10-15T11:54:13.352Z", "user": 1, "content_type": 10, "object_id": "5", "object_repr": "2 ", "action_flag": 2, "change_message": "[{\"changed\": {\"fields\": [\"Current occupancy\"]}}]"}}, {"model": "admin.logentry", "pk": 410, "fields": {"action_time": "2024-10-15T11:55:26.690Z", "user": 1, "content_type": 11, "object_id": "2", "object_repr": "michaelogaje033@gmail.com", "action_flag": 2, "change_message": "[]"}}, {"model": "admin.logentry", "pk": 411, "fields": {"action_time": "2024-10-15T11:55:36.446Z", "user": 1, "content_type": 11, "object_id": "6", "object_repr": "adole@gmail.com", "action_flag": 2, "change_message": "[{\"changed\": {\"fields\": [\"School\"]}}]"}}, {"model": "admin.logentry", "pk": 412, "fields": {"action_time": "2024-10-15T13:12:46.192Z", "user": 1, "content_type": 9, "object_id": "4", "object_repr": "Premium", "action_flag": 2, "change_message": "[{\"changed\": {\"fields\": [\"Image\"]}}]"}}, {"model": "admin.logentry", "pk": 413, "fields": {"action_time": "2024-10-15T13:15:31.933Z", "user": 1, "content_type": 9, "object_id": "5", "object_repr": "Executive single room", "action_flag": 2, "change_message": "[{\"changed\": {\"fields\": [\"Image\"]}}]"}}, {"model": "admin.logentry", "pk": 414, "fields": {"action_time": "2024-10-15T13:15:57.645Z", "user": 1, "content_type": 9, "object_id": "6", "object_repr": "Premium Gold room of 2", "action_flag": 2, "change_message": "[{\"changed\": {\"fields\": [\"Image\"]}}]"}}, {"model": "admin.logentry", "pk": 415, "fields": {"action_time": "2024-10-15T13:17:03.060Z", "user": 1, "content_type": 9, "object_id": "7", "object_repr": "Excutive room of 2", "action_flag": 2, "change_message": "[{\"changed\": {\"fields\": [\"Image\"]}}]"}}, {"model": "admin.logentry", "pk": 416, "fields": {"action_time": "2024-10-15T13:17:25.804Z", "user": 1, "content_type": 9, "object_id": "8", "object_repr": "Room of 3", "action_flag": 2, "change_message": "[{\"changed\": {\"fields\": [\"Image\"]}}]"}}, {"model": "admin.logentry", "pk": 417, "fields": {"action_time": "2024-10-15T13:17:34.780Z", "user": 1, "content_type": 9, "object_id": "9", "object_repr": "Room 0f 4", "action_flag": 2, "change_message": "[{\"changed\": {\"fields\": [\"Image\"]}}]"}}, {"model": "admin.logentry", "pk": 418, "fields": {"action_time": "2024-10-15T13:17:42.892Z", "user": 1, "content_type": 9, "object_id": "10", "object_repr": "Room of 5", "action_flag": 2, "change_message": "[{\"changed\": {\"fields\": [\"Image\"]}}]"}}, {"model": "admin.logentry", "pk": 419, "fields": {"action_time": "2024-10-15T13:35:12.481Z", "user": 1, "content_type": 9, "object_id": "11", "object_repr": "Room of 6", "action_flag": 2, "change_message": "[{\"deleted\": {\"name\": \"hostel type gallery\", \"object\": \"Room of 6\"}}]"}}, {"model": "admin.logentry", "pk": 420, "fields": {"action_time": "2024-10-15T13:35:21.976Z", "user": 1, "content_type": 9, "object_id": "11", "object_repr": "Room of 6", "action_flag": 2, "change_message": "[]"}}, {"model": "admin.logentry", "pk": 421, "fields": {"action_time": "2024-10-15T13:36:22.829Z", "user": 1, "content_type": 9, "object_id": "10", "object_repr": "Room of 5", "action_flag": 2, "change_message": "[{\"added\": {\"name\": \"hostel type gallery\", \"object\": \"Room of 5\"}}]"}}, {"model": "admin.logentry", "pk": 422, "fields": {"action_time": "2024-10-15T13:36:34.945Z", "user": 1, "content_type": 9, "object_id": "9", "object_repr": "Room 0f 4", "action_flag": 2, "change_message": "[{\"deleted\": {\"name\": \"hostel type gallery\", \"object\": \"Room 0f 4\"}}, {\"deleted\": {\"name\": \"hostel type gallery\", \"object\": \"Room 0f 4\"}}]"}}, {"model": "admin.logentry", "pk": 423, "fields": {"action_time": "2024-10-15T13:36:52.156Z", "user": 1, "content_type": 9, "object_id": "8", "object_repr": "Room of 3", "action_flag": 2, "change_message": "[{\"added\": {\"name\": \"hostel type gallery\", \"object\": \"Room of 3\"}}]"}}, {"model": "admin.logentry", "pk": 424, "fields": {"action_time": "2024-10-15T13:37:13.660Z", "user": 1, "content_type": 9, "object_id": "7", "object_repr": "Excutive room of 2", "action_flag": 2, "change_message": "[{\"added\": {\"name\": \"hostel type gallery\", \"object\": \"Excutive room of 2\"}}]"}}, {"model": "admin.logentry", "pk": 425, "fields": {"action_time": "2024-10-15T13:37:27.906Z", "user": 1, "content_type": 9, "object_id": "6", "object_repr": "Premium Gold room of 2", "action_flag": 2, "change_message": "[{\"added\": {\"name\": \"hostel type gallery\", \"object\": \"Premium Gold room of 2\"}}]"}}, {"model": "admin.logentry", "pk": 426, "fields": {"action_time": "2024-10-15T13:37:43.129Z", "user": 1, "content_type": 9, "object_id": "5", "object_repr": "Executive single room", "action_flag": 2, "change_message": "[{\"added\": {\"name\": \"hostel type gallery\", \"object\": \"Executive single room\"}}]"}}, {"model": "admin.logentry", "pk": 427, "fields": {"action_time": "2024-10-15T13:37:56.250Z", "user": 1, "content_type": 9, "object_id": "4", "object_repr": "Premium", "action_flag": 2, "change_message": "[{\"added\": {\"name\": \"hostel type gallery\", \"object\": \"Premium\"}}]"}}, {"model": "admin.logentry", "pk": 428, "fields": {"action_time": "2024-10-15T13:46:36.955Z", "user": 1, "content_type": 9, "object_id": "4", "object_repr": "Premium", "action_flag": 2, "change_message": "[{\"added\": {\"name\": \"hostel type gallery\", \"object\": \"Premium\"}}]"}}, {"model": "admin.logentry", "pk": 429, "fields": {"action_time": "2024-10-15T13:48:37.479Z", "user": 1, "content_type": 9, "object_id": "4", "object_repr": "Premium", "action_flag": 2, "change_message": "[{\"deleted\": {\"name\": \"hostel type gallery\", \"object\": \"Premium\"}}]"}}, {"model": "admin.logentry", "pk": 430, "fields": {"action_time": "2024-10-15T13:53:03.682Z", "user": 1, "content_type": 7, "object_id": "1", "object_repr": "Air Conditioned", "action_flag": 1, "change_message": "[{\"added\": {}}]"}}, {"model": "admin.logentry", "pk": 431, "fields": {"action_time": "2024-10-15T13:53:14.895Z", "user": 1, "content_type": 7, "object_id": "2", "object_repr": "DSTV", "action_flag": 1, "change_message": "[{\"added\": {}}]"}}, {"model": "admin.logentry", "pk": 432, "fields": {"action_time": "2024-10-15T13:53:35.272Z", "user": 1, "content_type": 7, "object_id": "3", "object_repr": "Reading Desk", "action_flag": 1, "change_message": "[{\"added\": {}}]"}}, {"model": "admin.logentry", "pk": 433, "fields": {"action_time": "2024-10-15T15:43:33.037Z", "user": 1, "content_type": 13, "object_id": "186", "object_repr": "White House - 3XGd47iPaY - Paid- 5 ", "action_flag": 3, "change_message": ""}}, {"model": "admin.logentry", "pk": 434, "fields": {"action_time": "2024-10-15T18:56:52.397Z", "user": 1, "content_type": 7, "object_id": "4", "object_repr": "Air Conditioned", "action_flag": 1, "change_message": "[{\"added\": {}}]"}}, {"model": "admin.logentry", "pk": 435, "fields": {"action_time": "2024-10-15T19:01:48.893Z", "user": 1, "content_type": 7, "object_id": "5", "object_repr": "WiFi", "action_flag": 1, "change_message": "[{\"added\": {}}]"}}, {"model": "admin.logentry", "pk": 436, "fields": {"action_time": "2024-10-15T19:04:11.087Z", "user": 1, "content_type": 7, "object_id": "6", "object_repr": "Toilet & Kitchen", "action_flag": 1, "change_message": "[{\"added\": {}}]"}}, {"model": "admin.logentry", "pk": 437, "fields": {"action_time": "2024-10-15T19:04:38.841Z", "user": 1, "content_type": 7, "object_id": "7", "object_repr": "Refrigerator", "action_flag": 1, "change_message": "[{\"added\": {}}]"}}, {"model": "admin.logentry", "pk": 438, "fields": {"action_time": "2024-10-15T19:04:58.966Z", "user": 1, "content_type": 7, "object_id": "8", "object_repr": "Reading Desk", "action_flag": 1, "change_message": "[{\"added\": {}}]"}}, {"model": "admin.logentry", "pk": 439, "fields": {"action_time": "2024-10-15T19:09:34.413Z", "user": 1, "content_type": 7, "object_id": "9", "object_repr": "Reading Desk", "action_flag": 1, "change_message": "[{\"added\": {}}]"}}, {"model": "admin.logentry", "pk": 440, "fields": {"action_time": "2024-10-15T19:09:44.186Z", "user": 1, "content_type": 7, "object_id": "10", "object_repr": "Air Conditioned", "action_flag": 1, "change_message": "[{\"added\": {}}]"}}, {"model": "admin.logentry", "pk": 441, "fields": {"action_time": "2024-10-15T19:09:54.148Z", "user": 1, "content_type": 7, "object_id": "11", "object_repr": "Air Conditioned", "action_flag": 1, "change_message": "[{\"added\": {}}]"}}, {"model": "admin.logentry", "pk": 442, "fields": {"action_time": "2024-10-15T19:10:00.838Z", "user": 1, "content_type": 7, "object_id": "12", "object_repr": "Reading Desk", "action_flag": 1, "change_message": "[{\"added\": {}}]"}}, {"model": "admin.logentry", "pk": 443, "fields": {"action_time": "2024-10-15T19:10:12.656Z", "user": 1, "content_type": 7, "object_id": "13", "object_repr": "Reading Desk", "action_flag": 1, "change_message": "[{\"added\": {}}]"}}, {"model": "admin.logentry", "pk": 444, "fields": {"action_time": "2024-10-15T19:11:15.205Z", "user": 1, "content_type": 7, "object_id": "14", "object_repr": "Air Conditioned", "action_flag": 1, "change_message": "[{\"added\": {}}]"}}, {"model": "admin.logentry", "pk": 445, "fields": {"action_time": "2024-10-15T19:11:30.193Z", "user": 1, "content_type": 7, "object_id": "12", "object_repr": "3 Reading Desk", "action_flag": 2, "change_message": "[{\"changed\": {\"fields\": [\"Hostel type\", \"Name\"]}}]"}}, {"model": "admin.logentry", "pk": 446, "fields": {"action_time": "2024-10-15T19:11:43.441Z", "user": 1, "content_type": 7, "object_id": "15", "object_repr": "Air Conditioned", "action_flag": 1, "change_message": "[{\"added\": {}}]"}}, {"model": "admin.logentry", "pk": 447, "fields": {"action_time": "2024-10-15T19:14:21.236Z", "user": 1, "content_type": 7, "object_id": "16", "object_repr": "Wardrobe", "action_flag": 1, "change_message": "[{\"added\": {}}]"}}, {"model": "admin.logentry", "pk": 448, "fields": {"action_time": "2024-10-15T19:14:47.888Z", "user": 1, "content_type": 7, "object_id": "17", "object_repr": "Toilet", "action_flag": 1, "change_message": "[{\"added\": {}}]"}}, {"model": "admin.logentry", "pk": 449, "fields": {"action_time": "2024-10-15T19:15:01.426Z", "user": 1, "content_type": 7, "object_id": "18", "object_repr": "Air Conditioned", "action_flag": 1, "change_message": "[{\"added\": {}}]"}}, {"model": "admin.logentry", "pk": 450, "fields": {"action_time": "2024-10-15T19:15:13.478Z", "user": 1, "content_type": 7, "object_id": "19", "object_repr": "5 Reading Desk", "action_flag": 1, "change_message": "[{\"added\": {}}]"}}, {"model": "admin.logentry", "pk": 451, "fields": {"action_time": "2024-10-15T19:15:26.984Z", "user": 1, "content_type": 7, "object_id": "20", "object_repr": "Toilet", "action_flag": 1, "change_message": "[{\"added\": {}}]"}}, {"model": "admin.logentry", "pk": 452, "fields": {"action_time": "2024-10-15T19:15:52.806Z", "user": 1, "content_type": 7, "object_id": "21", "object_repr": "Air Conditioned", "action_flag": 1, "change_message": "[{\"added\": {}}]"}}, {"model": "admin.logentry", "pk": 453, "fields": {"action_time": "2024-10-15T19:16:10.695Z", "user": 1, "content_type": 7, "object_id": "22", "object_repr": "Wardrobe", "action_flag": 1, "change_message": "[{\"added\": {}}]"}}, {"model": "admin.logentry", "pk": 454, "fields": {"action_time": "2024-10-15T19:16:32.160Z", "user": 1, "content_type": 7, "object_id": "23", "object_repr": "Reading Desks", "action_flag": 1, "change_message": "[{\"added\": {}}]"}}, {"model": "admin.logentry", "pk": 455, "fields": {"action_time": "2024-10-16T20:28:42.919Z", "user": 1, "content_type": 13, "object_id": "191", "object_repr": "White House - yL8IayuWWF - Paid- 87 ", "action_flag": 3, "change_message": ""}}, {"model": "admin.logentry", "pk": 456, "fields": {"action_time": "2024-10-16T20:28:42.920Z", "user": 1, "content_type": 13, "object_id": "190", "object_repr": "White House - mmcFjTn3Tt - Processing- 5 ", "action_flag": 3, "change_message": ""}}, {"model": "admin.logentry", "pk": 457, "fields": {"action_time": "2024-10-16T20:28:42.920Z", "user": 1, "content_type": 13, "object_id": "189", "object_repr": "White House - 0o8EYo6tYX - Paid- 21 ", "action_flag": 3, "change_message": ""}}, {"model": "admin.logentry", "pk": 458, "fields": {"action_time": "2024-10-16T20:28:42.920Z", "user": 1, "content_type": 13, "object_id": "188", "object_repr": "White House - Z5uorjV9Es - Processing- 87 ", "action_flag": 3, "change_message": ""}}, {"model": "admin.logentry", "pk": 459, "fields": {"action_time": "2024-10-16T20:28:42.920Z", "user": 1, "content_type": 13, "object_id": "187", "object_repr": "White House - Un3CF5RQMJ - Processing- 8 ", "action_flag": 3, "change_message": ""}}, {"model": "admin.logentry", "pk": 460, "fields": {"action_time": "2024-10-16T21:29:24.963Z", "user": 1, "content_type": 17, "object_id": "1", "object_repr": "michaelogaje033@gmail.com-White House", "action_flag": 1, "change_message": "[{\"added\": {}}]"}}, {"model": "admin.logentry", "pk": 461, "fields": {"action_time": "2024-10-19T13:23:09.155Z", "user": 1, "content_type": 12, "object_id": "7cPGc7v", "object_repr": "None", "action_flag": 2, "change_message": "[{\"changed\": {\"fields\": [\"Gender\"]}}]"}}, {"model": "admin.logentry", "pk": 462, "fields": {"action_time": "2024-10-21T20:31:51.934Z", "user": 1, "content_type": 13, "object_id": "194", "object_repr": "White House - HNdfDCjzp5 - Processing- 87 ", "action_flag": 2, "change_message": "[{\"changed\": {\"fields\": [\"Payment status\"]}}]"}}, {"model": "admin.logentry", "pk": 463, "fields": {"action_time": "2024-10-22T11:52:38.817Z", "user": 1, "content_type": 12, "object_id": "dmvWmQW", "object_repr": "Michael Ogaje", "action_flag": 2, "change_message": "[{\"changed\": {\"fields\": [\"Gender\"]}}]"}}, {"model": "admin.logentry", "pk": 464, "fields": {"action_time": "2024-10-22T12:05:45.874Z", "user": 1, "content_type": 12, "object_id": "dmvWmQW", "object_repr": "Michael Ogaje", "action_flag": 2, "change_message": "[{\"changed\": {\"fields\": [\"Image\"]}}]"}}, {"model": "admin.logentry", "pk": 465, "fields": {"action_time": "2024-10-22T12:14:37.655Z", "user": 1, "content_type": 13, "object_id": "206", "object_repr": "White House - 2R6ILg9AWK - Processing- 5 ", "action_flag": 3, "change_message": ""}}, {"model": "admin.logentry", "pk": 466, "fields": {"action_time": "2024-10-22T12:14:37.655Z", "user": 1, "content_type": 13, "object_id": "205", "object_repr": "White House - BItaPDOBGt - Processing- 5 ", "action_flag": 3, "change_message": ""}}, {"model": "admin.logentry", "pk": 467, "fields": {"action_time": "2024-10-22T12:14:37.655Z", "user": 1, "content_type": 13, "object_id": "204", "object_repr": "White House - z6t6ktVJ5m - Processing- 5 ", "action_flag": 3, "change_message": ""}}, {"model": "admin.logentry", "pk": 468, "fields": {"action_time": "2024-10-22T12:14:37.655Z", "user": 1, "content_type": 13, "object_id": "203", "object_repr": "White House - ar9Oy30H6r - Processing- 87 ", "action_flag": 3, "change_message": ""}}, {"model": "admin.logentry", "pk": 469, "fields": {"action_time": "2024-10-22T12:14:37.655Z", "user": 1, "content_type": 13, "object_id": "202", "object_repr": "White House - NdnkjcGwf2 - Processing- 5 ", "action_flag": 3, "change_message": ""}}, {"model": "admin.logentry", "pk": 470, "fields": {"action_time": "2024-10-22T12:14:37.655Z", "user": 1, "content_type": 13, "object_id": "201", "object_repr": "White House - z8brxGKJS5 - Processing- 8 ", "action_flag": 3, "change_message": ""}}, {"model": "admin.logentry", "pk": 471, "fields": {"action_time": "2024-10-22T12:14:37.655Z", "user": 1, "content_type": 13, "object_id": "200", "object_repr": "White House - dARRrFOgQi - Processing- 7 ", "action_flag": 3, "change_message": ""}}, {"model": "admin.logentry", "pk": 472, "fields": {"action_time": "2024-10-22T12:14:37.655Z", "user": 1, "content_type": 13, "object_id": "199", "object_repr": "White House - qqXkV4IA70 - Processing- 87 ", "action_flag": 3, "change_message": ""}}, {"model": "admin.logentry", "pk": 473, "fields": {"action_time": "2024-10-22T12:14:37.655Z", "user": 1, "content_type": 13, "object_id": "198", "object_repr": "White House - PYYpYpCdri - Processing- 87 ", "action_flag": 3, "change_message": ""}}, {"model": "admin.logentry", "pk": 474, "fields": {"action_time": "2024-10-22T12:14:37.655Z", "user": 1, "content_type": 13, "object_id": "197", "object_repr": "White House - smSNggU1LW - Processing- 8 ", "action_flag": 3, "change_message": ""}}, {"model": "admin.logentry", "pk": 475, "fields": {"action_time": "2024-10-22T12:14:37.655Z", "user": 1, "content_type": 13, "object_id": "196", "object_repr": "White House - GO2IBuOi7B - Processing- 87 ", "action_flag": 3, "change_message": ""}}, {"model": "admin.logentry", "pk": 476, "fields": {"action_time": "2024-10-22T12:14:37.655Z", "user": 1, "content_type": 13, "object_id": "195", "object_repr": "White House - xLoH2oxxjf - Processing- 8 ", "action_flag": 3, "change_message": ""}}, {"model": "admin.logentry", "pk": 477, "fields": {"action_time": "2024-10-22T12:14:37.655Z", "user": 1, "content_type": 13, "object_id": "194", "object_repr": "White House - HNdfDCjzp5 - Processing- 87 ", "action_flag": 3, "change_message": ""}}, {"model": "admin.logentry", "pk": 478, "fields": {"action_time": "2024-10-22T12:14:37.655Z", "user": 1, "content_type": 13, "object_id": "193", "object_repr": "White House - 9rcuezl0kS - Processing- 5 ", "action_flag": 3, "change_message": ""}}, {"model": "admin.logentry", "pk": 479, "fields": {"action_time": "2024-10-22T12:14:37.655Z", "user": 1, "content_type": 13, "object_id": "192", "object_repr": "White House - lJW9MwjUc8 - Processing- 2 ", "action_flag": 3, "change_message": ""}}, {"model": "admin.logentry", "pk": 480, "fields": {"action_time": "2024-10-22T12:15:05.204Z", "user": 1, "content_type": 10, "object_id": "15", "object_repr": "5 ", "action_flag": 2, "change_message": "[{\"changed\": {\"fields\": [\"Current occupancy\"]}}]"}}, {"model": "admin.logentry", "pk": 481, "fields": {"action_time": "2024-10-22T12:19:16.695Z", "user": 1, "content_type": 10, "object_id": "15", "object_repr": "5 ", "action_flag": 2, "change_message": "[{\"changed\": {\"fields\": [\"Current occupancy\"]}}]"}}, {"model": "admin.logentry", "pk": 482, "fields": {"action_time": "2024-10-22T12:19:23.700Z", "user": 1, "content_type": 10, "object_id": "14", "object_repr": "33 ", "action_flag": 2, "change_message": "[{\"changed\": {\"fields\": [\"Current occupancy\"]}}]"}}, {"model": "admin.logentry", "pk": 483, "fields": {"action_time": "2024-10-22T12:19:30.904Z", "user": 1, "content_type": 10, "object_id": "13", "object_repr": "99 ", "action_flag": 2, "change_message": "[{\"changed\": {\"fields\": [\"Current occupancy\"]}}]"}}, {"model": "admin.logentry", "pk": 484, "fields": {"action_time": "2024-10-22T12:19:39.884Z", "user": 1, "content_type": 10, "object_id": "12", "object_repr": "87 ", "action_flag": 2, "change_message": "[{\"changed\": {\"fields\": [\"Current occupancy\"]}}]"}}, {"model": "admin.logentry", "pk": 485, "fields": {"action_time": "2024-10-22T12:19:47.167Z", "user": 1, "content_type": 10, "object_id": "9", "object_repr": "4 ", "action_flag": 2, "change_message": "[{\"changed\": {\"fields\": [\"Current occupancy\"]}}]"}}, {"model": "admin.logentry", "pk": 486, "fields": {"action_time": "2024-10-22T13:14:00.400Z", "user": 1, "content_type": 11, "object_id": "7", "object_repr": "tony@gmail.com", "action_flag": 2, "change_message": "[{\"changed\": {\"fields\": [\"School\"]}}]"}}, {"model": "admin.logentry", "pk": 487, "fields": {"action_time": "2024-10-22T13:28:23.169Z", "user": 1, "content_type": 13, "object_id": "241", "object_repr": "White House - uuIZB4ji89 - Paid- 55 ", "action_flag": 3, "change_message": ""}}, {"model": "admin.logentry", "pk": 488, "fields": {"action_time": "2024-10-22T13:28:23.169Z", "user": 1, "content_type": 13, "object_id": "240", "object_repr": "White House - OMg0ZB9WAQ - Processing- 33 ", "action_flag": 3, "change_message": ""}}, {"model": "admin.logentry", "pk": 489, "fields": {"action_time": "2024-10-22T13:28:23.169Z", "user": 1, "content_type": 13, "object_id": "239", "object_repr": "White House - 0B0AgWpvLq - Processing- 87 ", "action_flag": 3, "change_message": ""}}, {"model": "admin.logentry", "pk": 490, "fields": {"action_time": "2024-10-22T13:28:23.169Z", "user": 1, "content_type": 13, "object_id": "238", "object_repr": "White House - edJ34ECTTv - Processing- 87 ", "action_flag": 3, "change_message": ""}}, {"model": "admin.logentry", "pk": 491, "fields": {"action_time": "2024-10-22T13:28:23.169Z", "user": 1, "content_type": 13, "object_id": "237", "object_repr": "White House - Jl4ln3gINp - Processing- 55 ", "action_flag": 3, "change_message": ""}}, {"model": "admin.logentry", "pk": 492, "fields": {"action_time": "2024-10-22T13:28:23.169Z", "user": 1, "content_type": 13, "object_id": "236", "object_repr": "White House - EQRFJJ7p1X - Processing- 87 ", "action_flag": 3, "change_message": ""}}, {"model": "admin.logentry", "pk": 493, "fields": {"action_time": "2024-10-22T13:28:23.169Z", "user": 1, "content_type": 13, "object_id": "235", "object_repr": "White House - f5kQ8LOT7s - Processing- 99 ", "action_flag": 3, "change_message": ""}}, {"model": "admin.logentry", "pk": 494, "fields": {"action_time": "2024-10-22T13:28:23.169Z", "user": 1, "content_type": 13, "object_id": "234", "object_repr": "White House - vRUEBHlW8l - Paid- 87 ", "action_flag": 3, "change_message": ""}}, {"model": "admin.logentry", "pk": 495, "fields": {"action_time": "2024-10-22T13:28:23.169Z", "user": 1, "content_type": 13, "object_id": "233", "object_repr": "White House - OiXNxM2FXP - Processing- 5 ", "action_flag": 3, "change_message": ""}}, {"model": "admin.logentry", "pk": 496, "fields": {"action_time": "2024-10-22T13:28:23.169Z", "user": 1, "content_type": 13, "object_id": "232", "object_repr": "White House - e6liEf6F0U - Processing- 87 ", "action_flag": 3, "change_message": ""}}, {"model": "admin.logentry", "pk": 497, "fields": {"action_time": "2024-10-22T13:28:23.169Z", "user": 1, "content_type": 13, "object_id": "231", "object_repr": "White House - mwJMtvNbJE - Processing- 5 ", "action_flag": 3, "change_message": ""}}, {"model": "admin.logentry", "pk": 498, "fields": {"action_time": "2024-10-22T13:28:23.169Z", "user": 1, "content_type": 13, "object_id": "230", "object_repr": "White House - 4oqz3UfFDb - Processing- 5 ", "action_flag": 3, "change_message": ""}}, {"model": "admin.logentry", "pk": 499, "fields": {"action_time": "2024-10-22T13:28:23.169Z", "user": 1, "content_type": 13, "object_id": "229", "object_repr": "White House - Mm3aFxtY2W - Processing- 87 ", "action_flag": 3, "change_message": ""}}, {"model": "admin.logentry", "pk": 500, "fields": {"action_time": "2024-10-22T13:28:23.169Z", "user": 1, "content_type": 13, "object_id": "228", "object_repr": "White House - U83GpFFkM2 - Processing- 5 ", "action_flag": 3, "change_message": ""}}, {"model": "admin.logentry", "pk": 501, "fields": {"action_time": "2024-10-22T13:28:23.169Z", "user": 1, "content_type": 13, "object_id": "227", "object_repr": "White House - WH7bVQAzPx - Processing- 5 ", "action_flag": 3, "change_message": ""}}, {"model": "admin.logentry", "pk": 502, "fields": {"action_time": "2024-10-22T13:28:23.169Z", "user": 1, "content_type": 13, "object_id": "226", "object_repr": "White House - KSr46LHT7j - Processing- 5 ", "action_flag": 3, "change_message": ""}}, {"model": "admin.logentry", "pk": 503, "fields": {"action_time": "2024-10-22T13:28:23.169Z", "user": 1, "content_type": 13, "object_id": "225", "object_repr": "White House - 2GOmZkGMHr - Processing- 3a ", "action_flag": 3, "change_message": ""}}, {"model": "admin.logentry", "pk": 504, "fields": {"action_time": "2024-10-22T13:28:23.169Z", "user": 1, "content_type": 13, "object_id": "224", "object_repr": "White House - vlY9HZVJrY - Processing- 3a ", "action_flag": 3, "change_message": ""}}, {"model": "admin.logentry", "pk": 505, "fields": {"action_time": "2024-10-22T13:28:23.169Z", "user": 1, "content_type": 13, "object_id": "223", "object_repr": "White House - QLdIf0CqBh - Processing- 99 ", "action_flag": 3, "change_message": ""}}, {"model": "admin.logentry", "pk": 506, "fields": {"action_time": "2024-10-22T13:28:23.169Z", "user": 1, "content_type": 13, "object_id": "222", "object_repr": "White House - QV7EgTYe1P - Processing- 4 ", "action_flag": 3, "change_message": ""}}, {"model": "admin.logentry", "pk": 507, "fields": {"action_time": "2024-10-22T13:28:23.169Z", "user": 1, "content_type": 13, "object_id": "221", "object_repr": "White House - e3YIVq81Qh - Processing- 99 ", "action_flag": 3, "change_message": ""}}, {"model": "admin.logentry", "pk": 508, "fields": {"action_time": "2024-10-22T13:28:23.169Z", "user": 1, "content_type": 13, "object_id": "220", "object_repr": "White House - weTZemYkRN - Processing- 4 ", "action_flag": 3, "change_message": ""}}, {"model": "admin.logentry", "pk": 509, "fields": {"action_time": "2024-10-22T13:28:23.169Z", "user": 1, "content_type": 13, "object_id": "219", "object_repr": "White House - zRxke3eWJW - Processing- 33 ", "action_flag": 3, "change_message": ""}}, {"model": "admin.logentry", "pk": 510, "fields": {"action_time": "2024-10-22T13:28:23.169Z", "user": 1, "content_type": 13, "object_id": "218", "object_repr": "White House - uppmAbds1i - Processing- 99 ", "action_flag": 3, "change_message": ""}}, {"model": "admin.logentry", "pk": 511, "fields": {"action_time": "2024-10-22T13:28:23.169Z", "user": 1, "content_type": 13, "object_id": "217", "object_repr": "White House - kZcnVzMmru - Processing- 33 ", "action_flag": 3, "change_message": ""}}, {"model": "admin.logentry", "pk": 512, "fields": {"action_time": "2024-10-22T13:28:23.169Z", "user": 1, "content_type": 13, "object_id": "216", "object_repr": "White House - OonQ4waqPW - Processing- 33 ", "action_flag": 3, "change_message": ""}}, {"model": "admin.logentry", "pk": 513, "fields": {"action_time": "2024-10-22T13:28:23.169Z", "user": 1, "content_type": 13, "object_id": "215", "object_repr": "White House - 9qKEiBk8EO - Processing- 4 ", "action_flag": 3, "change_message": ""}}, {"model": "admin.logentry", "pk": 514, "fields": {"action_time": "2024-10-22T13:28:23.169Z", "user": 1, "content_type": 13, "object_id": "214", "object_repr": "White House - hPNRLQlM5m - Processing- 8 ", "action_flag": 3, "change_message": ""}}, {"model": "admin.logentry", "pk": 515, "fields": {"action_time": "2024-10-22T13:28:23.169Z", "user": 1, "content_type": 13, "object_id": "213", "object_repr": "White House - yON15w0nMT - Processing- 8 ", "action_flag": 3, "change_message": ""}}, {"model": "admin.logentry", "pk": 516, "fields": {"action_time": "2024-10-22T13:28:23.169Z", "user": 1, "content_type": 13, "object_id": "212", "object_repr": "White House - 9eeVPWamHP - Processing- 5 ", "action_flag": 3, "change_message": ""}}, {"model": "admin.logentry", "pk": 517, "fields": {"action_time": "2024-10-22T13:28:23.169Z", "user": 1, "content_type": 13, "object_id": "211", "object_repr": "White House - o3BAtDFqqF - Processing- 5 ", "action_flag": 3, "change_message": ""}}, {"model": "admin.logentry", "pk": 518, "fields": {"action_time": "2024-10-22T13:28:23.169Z", "user": 1, "content_type": 13, "object_id": "210", "object_repr": "White House - lRLwmYLs9J - Processing- 5 ", "action_flag": 3, "change_message": ""}}, {"model": "admin.logentry", "pk": 519, "fields": {"action_time": "2024-10-22T13:28:23.169Z", "user": 1, "content_type": 13, "object_id": "209", "object_repr": "White House - gMNJDk37LR - Processing- 5 ", "action_flag": 3, "change_message": ""}}, {"model": "admin.logentry", "pk": 520, "fields": {"action_time": "2024-10-22T13:28:23.169Z", "user": 1, "content_type": 13, "object_id": "208", "object_repr": "White House - P7EQueL6vR - Processing- 5 ", "action_flag": 3, "change_message": ""}}, {"model": "admin.logentry", "pk": 521, "fields": {"action_time": "2024-10-22T13:28:23.169Z", "user": 1, "content_type": 13, "object_id": "207", "object_repr": "White House - nqjCyvmbpg - Processing- 5 ", "action_flag": 3, "change_message": ""}}, {"model": "admin.logentry", "pk": 522, "fields": {"action_time": "2024-10-22T13:28:35.823Z", "user": 1, "content_type": 10, "object_id": "15", "object_repr": "5 ", "action_flag": 2, "change_message": "[{\"changed\": {\"fields\": [\"Current occupancy\"]}}]"}}, {"model": "admin.logentry", "pk": 523, "fields": {"action_time": "2024-10-22T13:28:42.198Z", "user": 1, "content_type": 10, "object_id": "12", "object_repr": "87 ", "action_flag": 2, "change_message": "[{\"changed\": {\"fields\": [\"Current occupancy\"]}}]"}}, {"model": "admin.logentry", "pk": 524, "fields": {"action_time": "2024-10-22T13:28:48.656Z", "user": 1, "content_type": 10, "object_id": "11", "object_repr": "8 ", "action_flag": 2, "change_message": "[{\"changed\": {\"fields\": [\"Current occupancy\"]}}]"}}, {"model": "admin.logentry", "pk": 525, "fields": {"action_time": "2024-10-22T13:29:13.668Z", "user": 1, "content_type": 11, "object_id": "7", "object_repr": "tony@gmail.com", "action_flag": 2, "change_message": "[{\"changed\": {\"fields\": [\"School\"]}}]"}}, {"model": "admin.logentry", "pk": 526, "fields": {"action_time": "2024-10-22T13:42:32.500Z", "user": 1, "content_type": 12, "object_id": "7fmRrYo", "object_repr": "Tony Ogaje", "action_flag": 2, "change_message": "[{\"changed\": {\"fields\": [\"Image\"]}}]"}}, {"model": "admin.logentry", "pk": 527, "fields": {"action_time": "2024-10-22T14:35:55.582Z", "user": 1, "content_type": 6, "object_id": "Qb2TtZw", "object_repr": "Katampe Hostel (Boys Only)", "action_flag": 1, "change_message": "[{\"added\": {}}, {\"added\": {\"name\": \"hostel gallery\", \"object\": \"Katampe Hostel (Boys Only)\"}}, {\"added\": {\"name\": \"hostel gallery\", \"object\": \"Katampe Hostel (Boys Only)\"}}]"}}, {"model": "admin.logentry", "pk": 528, "fields": {"action_time": "2024-10-22T14:38:02.446Z", "user": 1, "content_type": 6, "object_id": "stnfd0Y", "object_repr": "Katampe Hostel (Girls Only)", "action_flag": 1, "change_message": "[{\"added\": {}}]"}}, {"model": "admin.logentry", "pk": 529, "fields": {"action_time": "2024-10-22T14:40:28.151Z", "user": 1, "content_type": 6, "object_id": "1dk2fUT", "object_repr": "Jabi Hostel (Mixed)", "action_flag": 1, "change_message": "[{\"added\": {}}]"}}, {"model": "admin.logentry", "pk": 530, "fields": {"action_time": "2024-10-22T14:41:54.419Z", "user": 1, "content_type": 6, "object_id": "1dk2fUT", "object_repr": "Jabi Hostel (Mixed)", "action_flag": 2, "change_message": "[{\"changed\": {\"fields\": [\"Gender\"]}}]"}}, {"model": "admin.logentry", "pk": 531, "fields": {"action_time": "2024-10-22T14:45:05.118Z", "user": 1, "content_type": 6, "object_id": "1dk2fUT", "object_repr": "Jabi Hostel (Mixed)", "action_flag": 2, "change_message": "[{\"changed\": {\"fields\": [\"Gender\"]}}]"}}, {"model": "admin.logentry", "pk": 532, "fields": {"action_time": "2024-10-22T14:46:48.058Z", "user": 1, "content_type": 12, "object_id": "7fmRrYo", "object_repr": "Tony Ogaje", "action_flag": 2, "change_message": "[]"}}, {"model": "admin.logentry", "pk": 533, "fields": {"action_time": "2024-10-22T14:47:26.286Z", "user": 1, "content_type": 12, "object_id": "7fmRrYo", "object_repr": "Tony Ogaje", "action_flag": 2, "change_message": "[{\"changed\": {\"fields\": [\"Image\"]}}]"}}, {"model": "admin.logentry", "pk": 534, "fields": {"action_time": "2024-10-22T14:47:40.512Z", "user": 1, "content_type": 12, "object_id": "7fmRrYo", "object_repr": "Tony Ogaje", "action_flag": 2, "change_message": "[{\"changed\": {\"fields\": [\"Image\"]}}]"}}, {"model": "admin.logentry", "pk": 535, "fields": {"action_time": "2024-10-22T15:01:56.561Z", "user": 1, "content_type": 6, "object_id": "HQNfdqp", "object_repr": "White House", "action_flag": 2, "change_message": "[{\"changed\": {\"fields\": [\"Address\"]}}]"}}, {"model": "admin.logentry", "pk": 536, "fields": {"action_time": "2024-10-22T15:33:40.724Z", "user": 1, "content_type": 11, "object_id": "7", "object_repr": "tony@gmail.com", "action_flag": 2, "change_message": "[]"}}, {"model": "admin.logentry", "pk": 537, "fields": {"action_time": "2024-10-22T15:45:28.117Z", "user": 1, "content_type": 6, "object_id": "HQNfdqp", "object_repr": "White House", "action_flag": 2, "change_message": "[]"}}, {"model": "admin.logentry", "pk": 538, "fields": {"action_time": "2024-10-22T15:45:36.763Z", "user": 1, "content_type": 6, "object_id": "9K1qgYv", "object_repr": "Jabi Hostel", "action_flag": 2, "change_message": "[{\"changed\": {\"fields\": [\"Rating\"]}}]"}}, {"model": "admin.logentry", "pk": 539, "fields": {"action_time": "2024-11-02T11:31:30.722Z", "user": 1, "content_type": 9, "object_id": "4", "object_repr": "Premium", "action_flag": 2, "change_message": "[{\"added\": {\"name\": \"hostel type gallery\", \"object\": \"Premium\"}}]"}}, {"model": "admin.logentry", "pk": 540, "fields": {"action_time": "2024-11-02T11:32:18.020Z", "user": 1, "content_type": 9, "object_id": "6", "object_repr": "Premium Gold room of 2", "action_flag": 2, "change_message": "[{\"added\": {\"name\": \"hostel type gallery\", \"object\": \"Premium Gold room of 2\"}}]"}}, {"model": "admin.logentry", "pk": 541, "fields": {"action_time": "2024-11-02T12:30:01.819Z", "user": 1, "content_type": 13, "object_id": "251", "object_repr": "White House - 6cxsFw4Jvf - Paid- 33 ", "action_flag": 3, "change_message": ""}}, {"model": "admin.logentry", "pk": 542, "fields": {"action_time": "2024-11-02T12:46:43.072Z", "user": 1, "content_type": 13, "object_id": "252", "object_repr": "White House - QxNMrUeb77 - Paid- 5 ", "action_flag": 3, "change_message": ""}}, {"model": "admin.logentry", "pk": 543, "fields": {"action_time": "2024-11-02T14:09:55.778Z", "user": 1, "content_type": 13, "object_id": "253", "object_repr": "White House - E4IZJk9Bue - Paid- 4 ", "action_flag": 3, "change_message": ""}}, {"model": "admin.logentry", "pk": 544, "fields": {"action_time": "2024-11-02T14:17:01.899Z", "user": 1, "content_type": 12, "object_id": "dmvWmQW", "object_repr": "Michael Ogaje", "action_flag": 2, "change_message": "[{\"changed\": {\"fields\": [\"Image\"]}}]"}}, {"model": "admin.logentry", "pk": 545, "fields": {"action_time": "2024-11-02T14:39:32.598Z", "user": 1, "content_type": 6, "object_id": "HQNfdqp", "object_repr": "White House", "action_flag": 2, "change_message": "[{\"deleted\": {\"name\": \"hostel gallery\", \"object\": \"White House\"}}, {\"deleted\": {\"name\": \"hostel gallery\", \"object\": \"White House\"}}, {\"deleted\": {\"name\": \"hostel gallery\", \"object\": \"White House\"}}]"}}, {"model": "admin.logentry", "pk": 546, "fields": {"action_time": "2024-11-02T14:48:18.860Z", "user": 1, "content_type": 6, "object_id": "HQNfdqp", "object_repr": "White House Hostel & Lodge", "action_flag": 2, "change_message": "[{\"changed\": {\"fields\": [\"Name\"]}}]"}}, {"model": "admin.logentry", "pk": 547, "fields": {"action_time": "2024-11-03T16:13:13.563Z", "user": 1, "content_type": 13, "object_id": "255", "object_repr": "White House Hostel & Lodge - sqjsLNco9I - Paid- 5 ", "action_flag": 3, "change_message": ""}}, {"model": "admin.logentry", "pk": 548, "fields": {"action_time": "2024-11-03T16:16:56.652Z", "user": 1, "content_type": 10, "object_id": "15", "object_repr": "5 ", "action_flag": 2, "change_message": "[{\"changed\": {\"fields\": [\"Current occupancy\"]}}]"}}, {"model": "admin.logentry", "pk": 549, "fields": {"action_time": "2024-11-03T16:17:03.762Z", "user": 1, "content_type": 10, "object_id": "10", "object_repr": "55 ", "action_flag": 2, "change_message": "[{\"changed\": {\"fields\": [\"Current occupancy\"]}}]"}}, {"model": "admin.logentry", "pk": 550, "fields": {"action_time": "2024-11-03T16:17:21.737Z", "user": 1, "content_type": 10, "object_id": "7", "object_repr": "3a ", "action_flag": 2, "change_message": "[{\"changed\": {\"fields\": [\"Current occupancy\"]}}]"}}, {"model": "admin.logentry", "pk": 551, "fields": {"action_time": "2024-11-03T16:17:28.524Z", "user": 1, "content_type": 10, "object_id": "6", "object_repr": "21 ", "action_flag": 2, "change_message": "[{\"changed\": {\"fields\": [\"Current occupancy\"]}}]"}}, {"model": "admin.logentry", "pk": 552, "fields": {"action_time": "2024-11-03T16:17:35.258Z", "user": 1, "content_type": 10, "object_id": "5", "object_repr": "2 ", "action_flag": 2, "change_message": "[{\"changed\": {\"fields\": [\"Current occupancy\"]}}]"}}, {"model": "admin.logentry", "pk": 553, "fields": {"action_time": "2024-11-03T16:17:45.769Z", "user": 1, "content_type": 10, "object_id": "14", "object_repr": "33 ", "action_flag": 2, "change_message": "[{\"changed\": {\"fields\": [\"Current occupancy\"]}}]"}}, {"model": "admin.logentry", "pk": 554, "fields": {"action_time": "2024-11-03T16:17:58.078Z", "user": 1, "content_type": 10, "object_id": "8", "object_repr": "7 ", "action_flag": 2, "change_message": "[{\"changed\": {\"fields\": [\"Current occupancy\"]}}]"}}, {"model": "admin.logentry", "pk": 555, "fields": {"action_time": "2024-11-03T16:18:13.499Z", "user": 1, "content_type": 13, "object_id": "256", "object_repr": "White House Hostel & Lodge - 0dVWOoJ3lO - Paid- 8 ", "action_flag": 3, "change_message": ""}}, {"model": "admin.logentry", "pk": 556, "fields": {"action_time": "2024-11-04T11:16:06.711Z", "user": 1, "content_type": 13, "object_id": "257", "object_repr": "White House Hostel & Lodge - CbuRimsEgs - Paid- 5 ", "action_flag": 2, "change_message": "[{\"changed\": {\"fields\": [\"Payment status\"]}}]"}}, {"model": "admin.logentry", "pk": 557, "fields": {"action_time": "2024-11-04T23:04:59.734Z", "user": 1, "content_type": 6, "object_id": "HQNfdqp", "object_repr": "White House Hostel & Lodge", "action_flag": 2, "change_message": "[{\"added\": {\"name\": \"hostel gallery\", \"object\": \"White House Hostel & Lodge\"}}]"}}, {"model": "admin.logentry", "pk": 558, "fields": {"action_time": "2024-11-04T23:06:57.115Z", "user": 1, "content_type": 6, "object_id": "HQNfdqp", "object_repr": "White House Hostel & Lodge", "action_flag": 2, "change_message": "[{\"added\": {\"name\": \"hostel gallery\", \"object\": \"White House Hostel & Lodge\"}}, {\"added\": {\"name\": \"hostel gallery\", \"object\": \"White House Hostel & Lodge\"}}]"}}, {"model": "admin.logentry", "pk": 559, "fields": {"action_time": "2024-11-09T07:43:47.625Z", "user": 1, "content_type": 11, "object_id": "12", "object_repr": "tony123@gmail.com", "action_flag": 2, "change_message": "[{\"changed\": {\"fields\": [\"Gender\"]}}]"}}, {"model": "admin.logentry", "pk": 560, "fields": {"action_time": "2024-11-10T14:39:30.412Z", "user": 1, "content_type": 6, "object_id": "9K1qgYv", "object_repr": "Arcade Hostel", "action_flag": 2, "change_message": "[{\"changed\": {\"fields\": [\"Name\"]}}]"}}, {"model": "admin.logentry", "pk": 561, "fields": {"action_time": "2024-11-10T14:40:44.660Z", "user": 1, "content_type": 6, "object_id": "Qb2TtZw", "object_repr": "Katampe Hostel (Boys Only)", "action_flag": 2, "change_message": "[]"}}, {"model": "admin.logentry", "pk": 562, "fields": {"action_time": "2024-11-15T13:50:17.568Z", "user": 1, "content_type": 18, "object_id": "1", "object_repr": "Queen Amina - White House Hostel & Lodge", "action_flag": 1, "change_message": "[{\"added\": {}}]"}}, {"model": "admin.logentry", "pk": 563, "fields": {"action_time": "2024-11-15T13:52:28.713Z", "user": 1, "content_type": 13, "object_id": "247", "object_repr": "White House Hostel & Lodge - bLRwyp9pI6 - Processing- 87 ", "action_flag": 2, "change_message": "[{\"changed\": {\"fields\": [\"Payment status\"]}}]"}}, {"model": "admin.logentry", "pk": 564, "fields": {"action_time": "2024-11-15T13:59:16.545Z", "user": 1, "content_type": 9, "object_id": "11", "object_repr": "Room of 6", "action_flag": 2, "change_message": "[{\"changed\": {\"fields\": [\"Block\"]}}]"}}, {"model": "admin.logentry", "pk": 565, "fields": {"action_time": "2024-11-15T13:59:23.191Z", "user": 1, "content_type": 9, "object_id": "10", "object_repr": "Room of 5", "action_flag": 2, "change_message": "[{\"changed\": {\"fields\": [\"Block\"]}}]"}}, {"model": "admin.logentry", "pk": 566, "fields": {"action_time": "2024-11-15T13:59:28.803Z", "user": 1, "content_type": 9, "object_id": "9", "object_repr": "Room 0f 4", "action_flag": 2, "change_message": "[{\"changed\": {\"fields\": [\"Block\"]}}]"}}, {"model": "admin.logentry", "pk": 567, "fields": {"action_time": "2024-11-15T13:59:40.180Z", "user": 1, "content_type": 9, "object_id": "8", "object_repr": "Room of 3", "action_flag": 2, "change_message": "[{\"changed\": {\"fields\": [\"Block\"]}}]"}}, {"model": "admin.logentry", "pk": 568, "fields": {"action_time": "2024-11-15T14:01:30.651Z", "user": 1, "content_type": 10, "object_id": "15", "object_repr": "5 ", "action_flag": 2, "change_message": "[{\"changed\": {\"fields\": [\"Block\"]}}]"}}, {"model": "admin.logentry", "pk": 569, "fields": {"action_time": "2024-11-15T14:01:37.572Z", "user": 1, "content_type": 10, "object_id": "14", "object_repr": "33 ", "action_flag": 2, "change_message": "[{\"changed\": {\"fields\": [\"Block\"]}}]"}}, {"model": "admin.logentry", "pk": 570, "fields": {"action_time": "2024-11-15T14:01:45.714Z", "user": 1, "content_type": 10, "object_id": "10", "object_repr": "55 ", "action_flag": 2, "change_message": "[{\"changed\": {\"fields\": [\"Block\"]}}]"}}, {"model": "admin.logentry", "pk": 571, "fields": {"action_time": "2024-11-15T14:04:43.876Z", "user": 1, "content_type": 10, "object_id": "11", "object_repr": "8 ", "action_flag": 2, "change_message": "[{\"changed\": {\"fields\": [\"Block\"]}}]"}}, {"model": "auth.permission", "pk": 1, "fields": {"name": "Can add log entry", "content_type": 1, "codename": "add_logentry"}}, {"model": "auth.permission", "pk": 2, "fields": {"name": "Can change log entry", "content_type": 1, "codename": "change_logentry"}}, {"model": "auth.permission", "pk": 3, "fields": {"name": "Can delete log entry", "content_type": 1, "codename": "delete_logentry"}}, {"model": "auth.permission", "pk": 4, "fields": {"name": "Can view log entry", "content_type": 1, "codename": "view_logentry"}}, {"model": "auth.permission", "pk": 5, "fields": {"name": "Can add permission", "content_type": 2, "codename": "add_permission"}}, {"model": "auth.permission", "pk": 6, "fields": {"name": "Can change permission", "content_type": 2, "codename": "change_permission"}}, {"model": "auth.permission", "pk": 7, "fields": {"name": "Can delete permission", "content_type": 2, "codename": "delete_permission"}}, {"model": "auth.permission", "pk": 8, "fields": {"name": "Can view permission", "content_type": 2, "codename": "view_permission"}}, {"model": "auth.permission", "pk": 9, "fields": {"name": "Can add group", "content_type": 3, "codename": "add_group"}}, {"model": "auth.permission", "pk": 10, "fields": {"name": "Can change group", "content_type": 3, "codename": "change_group"}}, {"model": "auth.permission", "pk": 11, "fields": {"name": "Can delete group", "content_type": 3, "codename": "delete_group"}}, {"model": "auth.permission", "pk": 12, "fields": {"name": "Can view group", "content_type": 3, "codename": "view_group"}}, {"model": "auth.permission", "pk": 13, "fields": {"name": "Can add content type", "content_type": 4, "codename": "add_contenttype"}}, {"model": "auth.permission", "pk": 14, "fields": {"name": "Can change content type", "content_type": 4, "codename": "change_contenttype"}}, {"model": "auth.permission", "pk": 15, "fields": {"name": "Can delete content type", "content_type": 4, "codename": "delete_contenttype"}}, {"model": "auth.permission", "pk": 16, "fields": {"name": "Can view content type", "content_type": 4, "codename": "view_contenttype"}}, {"model": "auth.permission", "pk": 17, "fields": {"name": "Can add session", "content_type": 5, "codename": "add_session"}}, {"model": "auth.permission", "pk": 18, "fields": {"name": "Can change session", "content_type": 5, "codename": "change_session"}}, {"model": "auth.permission", "pk": 19, "fields": {"name": "Can delete session", "content_type": 5, "codename": "delete_session"}}, {"model": "auth.permission", "pk": 20, "fields": {"name": "Can view session", "content_type": 5, "codename": "view_session"}}, {"model": "auth.permission", "pk": 21, "fields": {"name": "Can add hostel", "content_type": 6, "codename": "add_hostel"}}, {"model": "auth.permission", "pk": 22, "fields": {"name": "Can change hostel", "content_type": 6, "codename": "change_hostel"}}, {"model": "auth.permission", "pk": 23, "fields": {"name": "Can delete hostel", "content_type": 6, "codename": "delete_hostel"}}, {"model": "auth.permission", "pk": 24, "fields": {"name": "Can view hostel", "content_type": 6, "codename": "view_hostel"}}, {"model": "auth.permission", "pk": 25, "fields": {"name": "Can add hostel features", "content_type": 7, "codename": "add_hostelfeatures"}}, {"model": "auth.permission", "pk": 26, "fields": {"name": "Can change hostel features", "content_type": 7, "codename": "change_hostelfeatures"}}, {"model": "auth.permission", "pk": 27, "fields": {"name": "Can delete hostel features", "content_type": 7, "codename": "delete_hostelfeatures"}}, {"model": "auth.permission", "pk": 28, "fields": {"name": "Can view hostel features", "content_type": 7, "codename": "view_hostelfeatures"}}, {"model": "auth.permission", "pk": 29, "fields": {"name": "Can add hostel gallery", "content_type": 8, "codename": "add_hostelgallery"}}, {"model": "auth.permission", "pk": 30, "fields": {"name": "Can change hostel gallery", "content_type": 8, "codename": "change_hostelgallery"}}, {"model": "auth.permission", "pk": 31, "fields": {"name": "Can delete hostel gallery", "content_type": 8, "codename": "delete_hostelgallery"}}, {"model": "auth.permission", "pk": 32, "fields": {"name": "Can view hostel gallery", "content_type": 8, "codename": "view_hostelgallery"}}, {"model": "auth.permission", "pk": 33, "fields": {"name": "Can add hostel type", "content_type": 9, "codename": "add_hosteltype"}}, {"model": "auth.permission", "pk": 34, "fields": {"name": "Can change hostel type", "content_type": 9, "codename": "change_hosteltype"}}, {"model": "auth.permission", "pk": 35, "fields": {"name": "Can delete hostel type", "content_type": 9, "codename": "delete_hosteltype"}}, {"model": "auth.permission", "pk": 36, "fields": {"name": "Can view hostel type", "content_type": 9, "codename": "view_hosteltype"}}, {"model": "auth.permission", "pk": 37, "fields": {"name": "Can add room", "content_type": 10, "codename": "add_room"}}, {"model": "auth.permission", "pk": 38, "fields": {"name": "Can change room", "content_type": 10, "codename": "change_room"}}, {"model": "auth.permission", "pk": 39, "fields": {"name": "Can delete room", "content_type": 10, "codename": "delete_room"}}, {"model": "auth.permission", "pk": 40, "fields": {"name": "Can view room", "content_type": 10, "codename": "view_room"}}, {"model": "auth.permission", "pk": 41, "fields": {"name": "Can add user", "content_type": 11, "codename": "add_customuser"}}, {"model": "auth.permission", "pk": 42, "fields": {"name": "Can change user", "content_type": 11, "codename": "change_customuser"}}, {"model": "auth.permission", "pk": 43, "fields": {"name": "Can delete user", "content_type": 11, "codename": "delete_customuser"}}, {"model": "auth.permission", "pk": 44, "fields": {"name": "Can view user", "content_type": 11, "codename": "view_customuser"}}, {"model": "auth.permission", "pk": 45, "fields": {"name": "Can add student profile", "content_type": 12, "codename": "add_studentprofile"}}, {"model": "auth.permission", "pk": 46, "fields": {"name": "Can change student profile", "content_type": 12, "codename": "change_studentprofile"}}, {"model": "auth.permission", "pk": 47, "fields": {"name": "Can delete student profile", "content_type": 12, "codename": "delete_studentprofile"}}, {"model": "auth.permission", "pk": 48, "fields": {"name": "Can view student profile", "content_type": 12, "codename": "view_studentprofile"}}, {"model": "auth.permission", "pk": 49, "fields": {"name": "Can add booking", "content_type": 13, "codename": "add_booking"}}, {"model": "auth.permission", "pk": 50, "fields": {"name": "Can change booking", "content_type": 13, "codename": "change_booking"}}, {"model": "auth.permission", "pk": 51, "fields": {"name": "Can delete booking", "content_type": 13, "codename": "delete_booking"}}, {"model": "auth.permission", "pk": 52, "fields": {"name": "Can view booking", "content_type": 13, "codename": "view_booking"}}, {"model": "auth.permission", "pk": 53, "fields": {"name": "Can add bed space", "content_type": 14, "codename": "add_bedspace"}}, {"model": "auth.permission", "pk": 54, "fields": {"name": "Can change bed space", "content_type": 14, "codename": "change_bedspace"}}, {"model": "auth.permission", "pk": 55, "fields": {"name": "Can delete bed space", "content_type": 14, "codename": "delete_bedspace"}}, {"model": "auth.permission", "pk": 56, "fields": {"name": "Can view bed space", "content_type": 14, "codename": "view_bedspace"}}, {"model": "auth.permission", "pk": 57, "fields": {"name": "Can add notification", "content_type": 15, "codename": "add_notification"}}, {"model": "auth.permission", "pk": 58, "fields": {"name": "Can change notification", "content_type": 15, "codename": "change_notification"}}, {"model": "auth.permission", "pk": 59, "fields": {"name": "Can delete notification", "content_type": 15, "codename": "delete_notification"}}, {"model": "auth.permission", "pk": 60, "fields": {"name": "Can view notification", "content_type": 15, "codename": "view_notification"}}, {"model": "auth.permission", "pk": 61, "fields": {"name": "Can add hostel type gallery", "content_type": 16, "codename": "add_hosteltypegallery"}}, {"model": "auth.permission", "pk": 62, "fields": {"name": "Can change hostel type gallery", "content_type": 16, "codename": "change_hosteltypegallery"}}, {"model": "auth.permission", "pk": 63, "fields": {"name": "Can delete hostel type gallery", "content_type": 16, "codename": "delete_hosteltypegallery"}}, {"model": "auth.permission", "pk": 64, "fields": {"name": "Can view hostel type gallery", "content_type": 16, "codename": "view_hosteltypegallery"}}, {"model": "auth.permission", "pk": 65, "fields": {"name": "Can add maintenance_request", "content_type": 17, "codename": "add_maintenance_request"}}, {"model": "auth.permission", "pk": 66, "fields": {"name": "Can change maintenance_request", "content_type": 17, "codename": "change_maintenance_request"}}, {"model": "auth.permission", "pk": 67, "fields": {"name": "Can delete maintenance_request", "content_type": 17, "codename": "delete_maintenance_request"}}, {"model": "auth.permission", "pk": 68, "fields": {"name": "Can view maintenance_request", "content_type": 17, "codename": "view_maintenance_request"}}, {"model": "auth.permission", "pk": 69, "fields": {"name": "Can add block", "content_type": 18, "codename": "add_block"}}, {"model": "auth.permission", "pk": 70, "fields": {"name": "Can change block", "content_type": 18, "codename": "change_block"}}, {"model": "auth.permission", "pk": 71, "fields": {"name": "Can delete block", "content_type": 18, "codename": "delete_block"}}, {"model": "auth.permission", "pk": 72, "fields": {"name": "Can view block", "content_type": 18, "codename": "view_block"}}, {"model": "contenttypes.contenttype", "pk": 1, "fields": {"app_label": "admin", "model": "logentry"}}, {"model": "contenttypes.contenttype", "pk": 2, "fields": {"app_label": "auth", "model": "permission"}}, {"model": "contenttypes.contenttype", "pk": 3, "fields": {"app_label": "auth", "model": "group"}}, {"model": "contenttypes.contenttype", "pk": 4, "fields": {"app_label": "contenttypes", "model": "contenttype"}}, {"model": "contenttypes.contenttype", "pk": 5, "fields": {"app_label": "sessions", "model": "session"}}, {"model": "contenttypes.contenttype", "pk": 6, "fields": {"app_label": "hostel", "model": "hostel"}}, {"model": "contenttypes.contenttype", "pk": 7, "fields": {"app_label": "hostel", "model": "hostelfeatures"}}, {"model": "contenttypes.contenttype", "pk": 8, "fields": {"app_label": "hostel", "model": "hostelgallery"}}, {"model": "contenttypes.contenttype", "pk": 9, "fields": {"app_label": "hostel", "model": "hosteltype"}}, {"model": "contenttypes.contenttype", "pk": 10, "fields": {"app_label": "hostel", "model": "room"}}, {"model": "contenttypes.contenttype", "pk": 11, "fields": {"app_label": "studentauth", "model": "customuser"}}, {"model": "contenttypes.contenttype", "pk": 12, "fields": {"app_label": "studentauth", "model": "studentprofile"}}, {"model": "contenttypes.contenttype", "pk": 13, "fields": {"app_label": "hostel", "model": "booking"}}, {"model": "contenttypes.contenttype", "pk": 14, "fields": {"app_label": "hostel", "model": "bedspace"}}, {"model": "contenttypes.contenttype", "pk": 15, "fields": {"app_label": "hostel", "model": "notification"}}, {"model": "contenttypes.contenttype", "pk": 16, "fields": {"app_label": "hostel", "model": "hosteltypegallery"}}, {"model": "contenttypes.contenttype", "pk": 17, "fields": {"app_label": "hostel", "model": "maintenance_request"}}, {"model": "contenttypes.contenttype", "pk": 18, "fields": {"app_label": "hostel", "model": "block"}}, {"model": "sessions.session", "pk": "07ybgy7fu7xa9rj9g1upwlfzigok7gyd", "fields": {"session_data": ".eJxVjMsOwiAURP-FtSEgj4JL934D4T6QqqFJaVfGf7dNutDVJHPOzFukvC41rZ3nNJK4CC1Ovx1kfHLbAT1yu08Sp7bMI8hdkQft8jYRv66H-3dQc6_bGjRYshkGo6ILDCUEJq-zsaZwwajpHI0lrRzTFt46dJEUeltcGRDF5wv2Ozho:1spR5F:8gFiFuflJGMvrdGsNM0Ui6S3txziBejfSkawYNLifpI", "expire_date": "2024-09-28T11:36:57.907Z"}}, {"model": "sessions.session", "pk": "13hj4eq62qs3ibfrllx9lwqssz9bypiu", "fields": {"session_data": ".eJxVjMsOwiAQRf-FtSHMOBRw6b7fQBgeUjU0Ke3K-O_apAvd3nPOfQkftrX6refFT0lcBIrT78YhPnLbQbqHdptlnNu6TCx3RR60y3FO-Xk93L-DGnr91qRSogjEjJqL08gWoy0KAcEoY3kgYANWOSZHUNBBdjpDBjRIw1m8P8V8Nnc:1t7ZD6:HkYvO1eITrKUMjtBQKvxL5zRNPnHacLI0xdgBKMkrZA", "expire_date": "2024-11-17T11:56:00.788Z"}}, {"model": "sessions.session", "pk": "2v5qbu8vkz3gqrgfxn8vlmsxvf8bz7ad", "fields": {"session_data": ".eJxVjDsOwyAQRO9CHSG-Npsyvc-AWFgHJxFIxq6i3D1YcpEU08x7M2_mw75lvzda_ZLYlSl2-e0wxCeVA6RHKPfKYy3buiA_FH7Sxqea6HU73b-DHFruawQjjdNG9cAAM1HUIkktYycUAERyEWan0BppY7LKWqEQ3DCSDiOyzxfCxjco:1t7ZHY:jiRTGHldebfkST6OwML0GUNhK8Tw0E_aDA6cIXBrBZM", "expire_date": "2024-11-17T12:00:36.835Z"}}, {"model": "sessions.session", "pk": "3bog9p3aoi12gycx6c4fr6mleqk99r4j", "fields": {"session_data": ".eJxVjUtOxDAQRO_iNUQ2accdluw5g9U_kwCKR3FGLNDcfRxpFrAqqT6vfl2m67Hka7M9r-peXXBPfz0m-bLtDPSTto86SN2OfeXhrAyPtA3vVe377dH9B1ioLX3NgUGBOI1-jmhcEE2nQCOMxYrMQV_mETT4aNplgihxVi8TlFiSyAm9UGs_dde8W7MjH7W_dbSUtIo-8yRIARETIHngyH3pRQgZOIXobndvq016:1t2ZCx:2hZ2NTPnZfNCR1m412kEES7M3ybadi-fq5U_RCbYYV0", "expire_date": "2024-11-03T16:55:11.818Z"}}, {"model": "sessions.session", "pk": "59lr78a1rt3u2r93ev0vr4titk33mwdf", "fields": {"session_data": ".eJxVjMsOwiAURP-FtSEgj4JL934D4T6QqqFJaVfGf7dNutDVJHPOzFukvC41rZ3nNJK4CC1Ovx1kfHLbAT1yu08Sp7bMI8hdkQft8jYRv66H-3dQc6_bGjRYshkGo6ILDCUEJq-zsaZwwajpHI0lrRzTFt46dJEUeltcGRDF5wv2Ozho:1srjJS:15VqMW3BR20W-ggL53ITRfUUqCooPCkpqRqrlmPOkko", "expire_date": "2024-10-04T19:29:06.590Z"}}, {"model": "sessions.session", "pk": "5b1op6wc038notgt473r84udq3ptzh4o", "fields": {"session_data": ".eJxVjMsOwiAQRf-FtSEMjwFcuvcbyAwQqRqalHZl_Hdt0oVu7znnvkSibW1pG3VJUxFnocXpd2PKj9p3UO7Ub7PMc1-XieWuyIMOeZ1LfV4O9--g0Wjf2kcOKlZHaLWHHNlUMsqoEnVAB2RJYQ4eAQIacCUCow7KOputYs3i_QGyITZH:1t7ZdY:J2nz7-ub8AJJy4lRPWuHIofefOwclAsTnpdMxymXW2s", "expire_date": "2024-11-17T12:23:20.713Z"}}, {"model": "sessions.session", "pk": "6gnv9hj3c26qmsot146n7it6sayoom31", "fields": {"session_data": ".eJxVjDsOwjAQBe_iGllxvP6Ikp4zRGu_NQ6gRIqTCnF3iJQC2jcz76UG3tY6bE2WYYQ6K6NOv1vi_JBpB7jzdJt1nqd1GZPeFX3Qpq8z5Hk53L-Dyq1-a4sooA5E3ouQB4oFcuictZDiSzS94w4pJDiUTA6BeobpbUzsinp_AAdCOO8:1tBPlH:VniVz07U879AuuFN8DG5Vx7sibz7IyCWOJmhG7tNSyU", "expire_date": "2024-11-28T02:39:11.978Z"}}, {"model": "sessions.session", "pk": "6nhqo9a3kkzyb11yb3cthu773vfv72w4", "fields": {"session_data": ".eJxVjMEOwiAQBf-FsyEsBQoevfcbCLCLVA0kpT0Z_9026UGvb2bem_mwrcVvnRY_I7syyS6_WwzpSfUA-Aj13nhqdV3myA-Fn7TzqSG9bqf7d1BCL3s9kJI6J2NAYAYRYXTKOocyCRlBU7IRBwAdpFPZWGXRKkLYteBoNJJ9vsq1Nx8:1t7ZOy:qnTyTptUqJyw6FdQ32V6s7iTAC8duTnS7Ndx4JFHK60", "expire_date": "2024-11-17T12:08:16.129Z"}}, {"model": "sessions.session", "pk": "6p9v77zva5i289c7tupnota9a0gslpey", "fields": {"session_data": ".eJxVjEEOwiAQAP_C2RAK7rZ49O4byC4LUjU0Ke3J-HdD0oNeZybzVoH2rYS9pTXMoi7KqtMvY4rPVLuQB9X7ouNSt3Vm3RN92KZvi6TX9Wj_BoVa6dsB2XgxwBPnRChAXgANgMRoo3cjeGI3ENrzBJkQmbLNTjIkim5Uny_v-jiP:1t7ZMv:1xPWwnitHyqpuQOrr0iqE6LACNhUC7fzwTpao6hDRp8", "expire_date": "2024-11-17T12:06:09.007Z"}}, {"model": "sessions.session", "pk": "76h585gj8nwjnefeolzfwjvspnc0acl7", "fields": {"session_data": ".eJxVjDsOwjAQBe_iGlnZOP5R0nMGa9de4wCypTipEHeHSCmgfTPzXiLgtpawdV7CnMRZaHH63Qjjg-sO0h3rrcnY6rrMJHdFHrTLa0v8vBzu30HBXr41OpesM2y8BkJispQnZs_OGmfA-gygR9Ie0CgYIPKUvFJpyIppVCTeH-zHN-Y:1ss07P:_5racJVsJaK92RVeJsNQSZTgHi3yVMeVZwZM2DtQ9Lw", "expire_date": "2024-10-05T13:25:47.227Z"}}, {"model": "sessions.session", "pk": "b0iprp368spw918ekaeagno0wbk15ekn", "fields": {"session_data": ".eJxVjEEOgjAURO_StWmwv9DWpXvP0MxvPxY1kFBYGe8uJCx0OfPezFtFrEuJa5U5DlldlFGn346RnjLuID8w3iedpnGZB9a7og9a9W3K8roe7t9BQS3bGt743FEIloMRcGe33LtW2ga-36AjOC-GKLUugakRdh5gITSwZ_X5AtyzOAY:1t7EqI:C6OFT3F8G3gs5gUAZj8e2XGDMmRFZ4muOqnJD6K0WcI", "expire_date": "2024-11-16T14:11:06.107Z"}}, {"model": "sessions.session", "pk": "by6s9cawib849aneygv4z4w52l1ydsti", "fields": {"session_data": ".eJxVjEEOwiAQRe_C2hAYYOi4dN8zEGBQqoYmpV0Z765NutDtf-_9lwhxW2vYelnCxOIsvDj9binmR2k74Htst1nmua3LlOSuyIN2Oc5cnpfD_TuosddvrQCB2INHZ9gnthmAnY6gSTssFpkMshkKZTJK2cEAXBOhLmytRS_eH7EzNmU:1tBwiv:wAgpHWICotrfBYDLcXcYNBjq1ng6XpxsAFI1R_YOoNE", "expire_date": "2024-11-29T13:50:57.354Z"}}, {"model": "sessions.session", "pk": "d65cr7fx5h2h2zydi8xbqpsryralb0ar", "fields": {"session_data": ".eJxVjM0OwiAQhN-FsyH8uGzx6L3PQJYFpWogKe3J-O62SQ96m8z3zbxFoHUpYe15DlMSF2HE6beLxM9cd5AeVO9NcqvLPEW5K_KgXY4t5df1cP8OCvWyrZVBjCpZQM1wG9ih1oZz8k4BZlAqgiMbLeQz-YE1IW3ZUzIOrTVOfL7ECDcK:1t3thD:yi73Q0K89v1ySAWuYAiv1uXRodJ_uti19n_Tvq_QCd4", "expire_date": "2024-11-07T08:59:55.791Z"}}, {"model": "sessions.session", "pk": "dv292xsoczn3618ee535qhupbvpf3qe8", "fields": {"session_data": ".eJxVjDsOwjAQBe_iGllxvP6Ikp4zRGu_NQ6gRIqTCnF3iJQC2jcz76UG3tY6bE2WYYQ6K6NOv1vi_JBpB7jzdJt1nqd1GZPeFX3Qpq8z5Hk53L-Dyq1-a4sooA5E3ouQB4oFcuictZDiSzS94w4pJDiUTA6BeobpbUzsinp_AAdCOO8:1t9g7z:nPGF75FhffwyJpw16Kw96Mnd78cC7bMPIpWsQKbi7dU", "expire_date": "2024-11-23T07:43:27.762Z"}}, {"model": "sessions.session", "pk": "e7iszvuuxdpz4dxvrwpqfr6ee833stlw", "fields": {"session_data": ".eJxVjDsOwjAQBe_iGln-e0NJnzNYu16LBJAtxUmFuDuylALaNzPvLRIe-5KOXra0srgKIy6_G2F-ljoAP7Dem8yt7ttKcijypF3Ojcvrdrp_Bwv2ZdRgdPCZfYacJ2csFEUTKKJIlpk0UnBaGSxKg7F-Ch4jh2CsiwrAi88X3uo3DA:1t7Zio:6nnzLO0U-muCA0sjDiONnF1_PcUDqAU8oguwUrm190c", "expire_date": "2024-11-17T12:28:46.233Z"}}, {"model": "sessions.session", "pk": "hdsyani69l9ao9i4vfj1p420l1j9y641", "fields": {"session_data": ".eJxVjDsOwjAQBe_iGlnxH1PS5wzWeneNA8iR4qRC3B0ipYD2zcx7iQTbWtPWeUkTiYvQ4vS7ZcAHtx3QHdptlji3dZmy3BV50C7Hmfh5Pdy_gwq9fmtfMhUefNbOWscuFMXBsgpAPmjw1pDzQSG6yCZ6PDOQGgit0Toqo8T7A-2UN6Y:1ss8O3:cFwn-ZB1swlJu53nm83RW3-WNL5c9HpuL7mkwzSzxC4", "expire_date": "2024-10-05T22:15:31.611Z"}}, {"model": "sessions.session", "pk": "kiw6cedlh5fawpu93xty4n560xfjxx65", "fields": {"session_data": ".eJxVjEEOwiAQRe_C2hBamIIu3fcMzcDMSNVAUtqV8e7apAvd_vfef6kJtzVPW-NlmkldVNep0-8YMT247ITuWG5Vp1rWZY56V_RBmx4r8fN6uH8HGVv-1mcbAMWRAfSuTy7J4IXBBgEZLBvkCB6QAZPnnlwwVgIzEEuM3gf1_gAaCDkP:1tBwkA:KGXWNDoi073wdZ_9G3G91B7fRgD572E4FaB6vn8nk0w", "expire_date": "2024-11-29T13:52:14.111Z"}}, {"model": "sessions.session", "pk": "lb5uuumvfu7op5y0cr064lfghxzn111n", "fields": {"session_data": ".eJxVjMEOwiAQRP-FsyFbFqh49O43kAUWWzWQlPZk_Hdp0oOeJjNvZt7C07ZOfmu8-DmJi9Di9JsFik8uO0gPKvcqYy3rMge5V-RBm7zVxK_r0f07mKhNfQ1DjpHYELBVo0NLqIFyRGu7CeeuoIhVGBgtRqfRgFHjmA0EBejE5wvXpDbR:1sqAJf:wYiViAeKgypv7uygLUtyW1L51ohJMBvweRCa8VqftI0", "expire_date": "2024-09-30T11:54:51.011Z"}}, {"model": "sessions.session", "pk": "lc8p6t7xvzueg1mb2kqtmhl07xjoymrl", "fields": {"session_data": ".eJxVjMsOwiAURP-FtSEgj4JL934D4T6QqqFJaVfGf7dNutDVJHPOzFukvC41rZ3nNJK4CC1Ovx1kfHLbAT1yu08Sp7bMI8hdkQft8jYRv66H-3dQc6_bGjRYshkGo6ILDCUEJq-zsaZwwajpHI0lrRzTFt46dJEUeltcGRDF5wv2Ozho:1sqAJE:TbWHsIs_9TGQdBWlAQxdWSqm4oXWbabvUpDzuLmLPAw", "expire_date": "2024-09-30T11:54:24.825Z"}}, {"model": "sessions.session", "pk": "mwjrf6rk7sm5zboeki7fk0ywyry6a6o7", "fields": {"session_data": ".eJxVjDsOwjAQBe_iGllxvP6Ikp4zRGu_NQ6gRIqTCnF3iJQC2jcz76UG3tY6bE2WYYQ6K6NOv1vi_JBpB7jzdJt1nqd1GZPeFX3Qpq8z5Hk53L-Dyq1-a4sooA5E3ouQB4oFcuictZDiSzS94w4pJDiUTA6BeobpbUzsinp_AAdCOO8:1t2yvD:SkWt4muvZQbHkTd4DyygH0rmJHCgoey1-lQn03NaqGs", "expire_date": "2024-11-04T20:22:35.980Z"}}, {"model": "sessions.session", "pk": "o12lt53t6ckzlu5opxg2ke1hqckwmxm6", "fields": {"session_data": ".eJxVjEEOgjAURO_StWmwv9DWpXvP0MxvPxY1kFBYGe8uJCx0OfPezFtFrEuJa5U5DlldlFGn346RnjLuID8w3iedpnGZB9a7og9a9W3K8roe7t9BQS3bGt743FEIloMRcGe33LtW2ga-36AjOC-GKLUugakRdh5gITSwZ_X5AtyzOAY:1t7YV0:FYz9KJNrocFtoSGztXOLTqHgMHeOcIQMeEVE-3pJXMw", "expire_date": "2024-11-17T11:10:26.555Z"}}, {"model": "sessions.session", "pk": "pjpuukjyca7hcwzy8dybzynq6cczrdyp", "fields": {"session_data": ".eJxVjEEOwiAQRe_C2hACDExduvcMZIZBqZqSlHZlvLtt0oVu_3v_vVWidalp7WVOo6izsur0uzHlZ5l2IA-a7k3nNi3zyHpX9EG7vjYpr8vh_gUq9bq9gQHDIMUgDoJMAFyAc47ZBAHAkj2IM7wVKTIHd6PoB0diCZ31qD5fADE4mg:1sz2iF:XmecnqFmNTAmPXyVJQuWRU_xigjlvkUd58IM9yPbH_M", "expire_date": "2024-10-24T23:36:55.976Z"}}, {"model": "sessions.session", "pk": "q3kwmc4pzf22nvlehfnlo03uff0l82fz", "fields": {"session_data": ".eJxVjDsOwjAQBe_iGllxvP6Ikp4zRGu_NQ6gRIqTCnF3iJQC2jcz76UG3tY6bE2WYYQ6K6NOv1vi_JBpB7jzdJt1nqd1GZPeFX3Qpq8z5Hk53L-Dyq1-a4sooA5E3ouQB4oFcuictZDiSzS94w4pJDiUTA6BeobpbUzsinp_AAdCOO8:1t7CLG:ZEK3AMKtjYLqTg1dBy8uydF36C2yWU99cApUKNMsFiY", "expire_date": "2024-11-16T11:30:54.598Z"}}, {"model": "sessions.session", "pk": "qbruey6s44my5f6lfbe0fogjbyq4j54m", "fields": {"session_data": ".eJxVjEEOwiAQRe_C2hAYYOi4dN8zEGBQqoYmpV0Z765NutDtf-_9lwhxW2vYelnCxOIsvDj9binmR2k74Htst1nmua3LlOSuyIN2Oc5cnpfD_TuosddvrQCB2INHZ9gnthmAnY6gSTssFpkMshkKZTJK2cEAXBOhLmytRS_eH7EzNmU:1tAVGk:xP6hEgx7R91pSIyyAVuT37MD9Na1_gqDZ3N7dyHIDKY", "expire_date": "2024-11-25T14:19:54.260Z"}}, {"model": "sessions.session", "pk": "rjpj7yt0jp3ewhbypiqzana7gjjrinuq", "fields": {"session_data": ".eJxVjDsOwjAQBe_iGllxvP6Ikp4zRGu_NQ6gRIqTCnF3iJQC2jcz76UG3tY6bE2WYYQ6K6NOv1vi_JBpB7jzdJt1nqd1GZPeFX3Qpq8z5Hk53L-Dyq1-a4sooA5E3ouQB4oFcuictZDiSzS94w4pJDiUTA6BeobpbUzsinp_AAdCOO8:1tA8hS:_C2dBXHhPA9blhEl6oCqzLfYepILQ5T-iFUIuq4ikkQ", "expire_date": "2024-11-24T14:13:58.531Z"}}, {"model": "sessions.session", "pk": "s4g5skj95x8rq4kklalxxgtqyj0lm54v", "fields": {"session_data": ".eJxVjMsOwiAURP-FtSEgj4JL934D4T6QqqFJaVfGf7dNutDVJHPOzFukvC41rZ3nNJK4CC1Ovx1kfHLbAT1yu08Sp7bMI8hdkQft8jYRv66H-3dQc6_bGjRYshkGo6ILDCUEJq-zsaZwwajpHI0lrRzTFt46dJEUeltcGRDF5wv2Ozho:1smDux:6Bf-HZwY3Fd89-ZsmiFxc-YvEsCj-qIJcqno5kICvEc", "expire_date": "2024-09-19T14:57:03.071Z"}}, {"model": "sessions.session", "pk": "um04zepaweyewd2ai2r99bj6efoaotse", "fields": {"session_data": ".eJxVjMsOwiAQRf-FtSEZGAZw6d5vIMNLqoYmpV0Z_12bdKHbe865LxF4W1vYRlnClMVZKHH63SKnR-k7yHfut1mmua_LFOWuyIMOeZ1zeV4O9--g8WjfOmkPllCnBAaUA2WI0KvsESpVn8lgBVIxWgNE2lVtHWobOSMw2iLeH6JsNmY:1spRBQ:JEPWyXZiBl6iIsUQcczniruZi0SUZD3pXhmzRz94OTQ", "expire_date": "2024-09-28T11:43:20.946Z"}}, {"model": "sessions.session", "pk": "vmgefhgu5d3fpeh5hso34gcmdkac1el6", "fields": {"session_data": ".eJxVjMsOwiAURP-FtSEgj4JL934D4T6QqqFJaVfGf7dNutDVJHPOzFukvC41rZ3nNJK4CC1Ovx1kfHLbAT1yu08Sp7bMI8hdkQft8jYRv66H-3dQc6_bGjRYshkGo6ILDCUEJq-zsaZwwajpHI0lrRzTFt46dJEUeltcGRDF5wv2Ozho:1sz2il:vJCWzHZmCu0pZss4uyuOH9cDqqD2q4-e15c5IzqGVh0", "expire_date": "2024-10-24T23:37:27.826Z"}}, {"model": "sessions.session", "pk": "y5snbk94triwdj24scels0cial03faj1", "fields": {"session_data": ".eJxVjDkOwjAUBe_iGlnY8SJT0nMG62_GAeRIcVJF3B0ipYD2zczbVIZ1qXntMueR1UUZq06_IwI9pe2EH9Duk6apLfOIelf0Qbu-TSyv6-H-HVTo9VsXX2JEsN7HwOIsAVqTpDAJegdkRKIbUkAUwVBgiOSAAURc4HQu6v0BQdI6FQ:1t9g6T:CFMZSl6p9PRn_SILbRhySQFpc0qun-hYo89GkEw057A", "expire_date": "2024-11-23T07:41:53.847Z"}}, {"model": "sessions.session", "pk": "zyica870cwv53x1bs6qhl12qcq3t9tbv", "fields": {"session_data": ".eJxVjMEOgjAQRP-lZ9OwrLDUo3e_odltuxY1JaFwMv67kHDQ48x7M2_jeV2yX2ua_RjNxQCa028pHJ6p7CQ-uNwnG6ayzKPYXbEHrfY2xfS6Hu7fQeaat_UZhQGpAemUIDmNDjkMERBUOTlsqBdCZRaloduyBA6k0AZ1PbXm8wUVATiV:1t9hC5:fJRfxEcPf4jFHjNBt9d6n5B-q-TH_T9bUgohUxGEulI", "expire_date": "2024-11-23T08:51:45.813Z"}}, {"model": "hostel.hostel", "pk": "1dk2fUT", "fields": {"user": 1, "name": "Jabi Hostel (Mixed)", "address": "Opp bafemi awolowo way", "image": "hostel_gallery/EXTERIOR-VIEW-5-1_5eYlxjA.webp", "description": null, "phone": "0808833228", "email": "mike@gmail.com", "active": true, "gender": "male", "rating": null, "slug": "jabi-hostel-mixed", "date": "2024-10-22T14:40:28.147Z"}}, {"model": "hostel.hostel", "pk": "9K1qgYv", "fields": {"user": 1, "name": "Arcade Hostel", "address": "Jabi", "image": "hostel_gallery/hostel.jfif", "description": null, "phone": "93842892i", "email": "adole@gmail.com", "active": true, "gender": "female", "rating": "fair", "slug": "jabi-hostel", "date": "2024-09-05T15:15:41.939Z"}}, {"model": "hostel.hostel", "pk": "HQNfdqp", "fields": {"user": 1, "name": "White House Hostel & Lodge", "address": "N0 2 Katempe extension", "image": "hostel_gallery/FRONT-VIEW-1.webp", "description": null, "phone": "32454", "email": "kennkiyoshi@gmail.com", "active": true, "gender": "male", "rating": "top", "slug": "white-house", "date": "2024-09-05T14:55:01.666Z"}}, {"model": "hostel.hostel", "pk": "Qb2TtZw", "fields": {"user": 1, "name": "Katampe Hostel (Boys Only)", "address": "N0 2 Katempe extension", "image": "hostel_gallery/EXTERIOR-VIEW-6-1.webp", "description": null, "phone": "0808833228", "email": "mike@gmail.com", "active": true, "gender": "male", "rating": "top", "slug": "katampe-hostel-boys-only", "date": "2024-10-22T14:35:55.571Z"}}, {"model": "hostel.hostel", "pk": "stnfd0Y", "fields": {"user": 1, "name": "Katampe Hostel (Girls Only)", "address": "N0 2 Katempe extension", "image": "hostel_gallery/AERIAL-VIEW-MAIN-1.webp", "description": null, "phone": "0808833228", "email": "mike@gmail.com", "active": true, "gender": "female", "rating": "top", "slug": "katampe-hostel-girls-only", "date": "2024-10-22T14:38:02.442Z"}}, {"model": "hostel.hostelgallery", "pk": 1, "fields": {"hostel": "HQNfdqp", "image": "hostel_gallery/BASKET-BALL-COURT-1.webp", "hid": "Lp6XZ6oNvU"}}, {"model": "hostel.hostelgallery", "pk": 2, "fields": {"hostel": "HQNfdqp", "image": "hostel_gallery/FRONT-VIEW-1_zguOY0o.webp", "hid": "oiiUvMK67s"}}, {"model": "hostel.hostelgallery", "pk": 3, "fields": {"hostel": "HQNfdqp", "image": "hostel_gallery/AERIAL-VIEW-2-1.webp", "hid": "pAsOyVTo15"}}, {"model": "hostel.hostelgallery", "pk": 4, "fields": {"hostel": "9K1qgYv", "image": "hostel_gallery/hostel4.jfif", "hid": "pjeg6rwXwT"}}, {"model": "hostel.hostelgallery", "pk": 5, "fields": {"hostel": "9K1qgYv", "image": "hostel_gallery/hsotel3.jfif", "hid": "sYoTYNxaGS"}}, {"model": "hostel.hostelgallery", "pk": 6, "fields": {"hostel": "HQNfdqp", "image": "hostel_gallery/EXTERIOR-VIEW-5-1.webp", "hid": "35LeRam29e"}}, {"model": "hostel.hostelgallery", "pk": 10, "fields": {"hostel": "Qb2TtZw", "image": "hostel_gallery/EXTERIOR-VIEW-5-1_IKSqzw5.webp", "hid": "d3ZqhRj3Ep"}}, {"model": "hostel.hostelgallery", "pk": 11, "fields": {"hostel": "Qb2TtZw", "image": "hostel_gallery/BASKET-BALL-COURT-1_waUYjj5.webp", "hid": "pckyHzoiiP"}}, {"model": "hostel.hostelgallery", "pk": 12, "fields": {"hostel": "HQNfdqp", "image": "hostel_gallery/FRONT-VIEW-1_zguOY0o_2.webp", "hid": "JwOSV8FXTt"}}, {"model": "hostel.hostelgallery", "pk": 13, "fields": {"hostel": "HQNfdqp", "image": "hostel_gallery/EXECUTIVE-LOUNGE-5-1.webp", "hid": "XPG8GqfyaN"}}, {"model": "hostel.hostelgallery", "pk": 14, "fields": {"hostel": "HQNfdqp", "image": "hostel_gallery/hsotel3_BTWBrwv.jfif", "hid": "aSQiMTxYvZ"}}, {"model": "hostel.block", "pk": 1, "fields": {"hostel": "HQNfdqp", "image": "hostel_gallery/province-phase-3.png", "name": "Queen Amina", "gender": null, "bid": "ZDEAZUthzd", "slug": "queen-amina"}}, {"model": "hostel.hosteltype", "pk": 4, "fields": {"hostel": "HQNfdqp", "block": null, "image": "hostel_gallery/PREMIUM-EXECUTIVE-SINGLE-ROOM-A.webp", "type": "Premium", "rate_type": null, "baze_price": "828000.00", "semester_rate": "1242000.00", "session_rate": "2484000.00", "num_of_beds": 1, "parlour": 0, "capacity": 1, "atid": "rFTQnuAptG", "slug": "premium", "date": "2024-09-14T11:25:18.153Z"}}, {"model": "hostel.hosteltype", "pk": 5, "fields": {"hostel": "HQNfdqp", "block": null, "image": "hostel_gallery/PREMIUM-EXECUTIVE-SINGLE-ROOM-B-1.webp", "type": "Executive single room", "rate_type": null, "baze_price": "789000.00", "semester_rate": "1122500.00", "session_rate": "2245000.00", "num_of_beds": 1, "parlour": 0, "capacity": 1, "atid": "DJmRd2wkye", "slug": "executive-single-room", "date": "2024-09-14T11:26:38.004Z"}}, {"model": "hostel.hosteltype", "pk": 6, "fields": {"hostel": "HQNfdqp", "block": null, "image": "hostel_gallery/booked-img.png", "type": "Premium Gold room of 2", "rate_type": null, "baze_price": "709000.00", "semester_rate": "1062500.00", "session_rate": "2125000.00", "num_of_beds": 2, "parlour": 0, "capacity": 2, "atid": "HqwG4jTrQ1", "slug": "premium-gold-room-of-2", "date": "2024-09-14T11:27:51.514Z"}}, {"model": "hostel.hosteltype", "pk": 7, "fields": {"hostel": "HQNfdqp", "block": null, "image": "hostel_gallery/hostel-card-img.png", "type": "Excutive room of 2", "rate_type": null, "baze_price": "629000.00", "semester_rate": "942500.00", "session_rate": "1885000.00", "num_of_beds": 2, "parlour": 0, "capacity": 2, "atid": "BdqJQwuJ9d", "slug": "excutive-room-of-2", "date": "2024-09-14T11:29:01.981Z"}}, {"model": "hostel.hosteltype", "pk": 8, "fields": {"hostel": "HQNfdqp", "block": 1, "image": "hostel_gallery/image.png", "type": "Room of 3", "rate_type": null, "baze_price": "562000.00", "semester_rate": "842500.00", "session_rate": "1685000.00", "num_of_beds": 3, "parlour": 0, "capacity": 3, "atid": "m8xFspWHBD", "slug": "room-of-3", "date": "2024-09-14T11:30:32.164Z"}}, {"model": "hostel.hosteltype", "pk": 9, "fields": {"hostel": "HQNfdqp", "block": 1, "image": "hostel_gallery/booked-img_zBPFDL1.png", "type": "Room 0f 4", "rate_type": null, "baze_price": "535000.00", "semester_rate": "802500.00", "session_rate": "1605000.00", "num_of_beds": 4, "parlour": 0, "capacity": 4, "atid": "f7mr9WA9PO", "slug": "room-0f-4", "date": "2024-09-14T11:32:06.158Z"}}, {"model": "hostel.hosteltype", "pk": 10, "fields": {"hostel": "HQNfdqp", "block": 1, "image": "hostel_gallery/hostel-media-m.png", "type": "Room of 5", "rate_type": null, "baze_price": "492000.00", "semester_rate": "737500.00", "session_rate": "1475000.00", "num_of_beds": 5, "parlour": 0, "capacity": 5, "atid": "oJYHW0gCp9", "slug": "room-of-5", "date": "2024-09-14T11:33:04.486Z"}}, {"model": "hostel.hosteltype", "pk": 11, "fields": {"hostel": "HQNfdqp", "block": 1, "image": "hostel_gallery/6b6c2f03-6ab5-4bf7-bc3c-efc7de6a3b5d_g6My7ez.jpg", "type": "Room of 6", "rate_type": null, "baze_price": "400000.00", "semester_rate": "600000.00", "session_rate": "1200000.00", "num_of_beds": 6, "parlour": 0, "capacity": 6, "atid": "o1aI9IpXOC", "slug": "room-of-6", "date": "2024-09-14T11:33:46.279Z"}}, {"model": "hostel.hosteltypegallery", "pk": 1, "fields": {"hostel_type": 11, "image": "hostel_type_gallery/hostel2_IkdYzU5.jpg", "hid": "3ZN0ALG2CU"}}, {"model": "hostel.hosteltypegallery", "pk": 3, "fields": {"hostel_type": 9, "image": "hostel_type_gallery/ROOM-OF-4-A-1.webp", "hid": "1Lq4D9joQB"}}, {"model": "hostel.hosteltypegallery", "pk": 6, "fields": {"hostel_type": 10, "image": "hostel_type_gallery/ROOM-OF-4-B-1.webp", "hid": "A5TxN7sXDh"}}, {"model": "hostel.hosteltypegallery", "pk": 7, "fields": {"hostel_type": 8, "image": "hostel_type_gallery/ROOM-OF-3-B.webp", "hid": "6BJi9gk2ga"}}, {"model": "hostel.hosteltypegallery", "pk": 8, "fields": {"hostel_type": 7, "image": "hostel_type_gallery/roomof2.webp", "hid": "b1Rpej9FjS"}}, {"model": "hostel.hosteltypegallery", "pk": 9, "fields": {"hostel_type": 6, "image": "hostel_type_gallery/ROOM-OF-2-A-1.webp", "hid": "MDVLNvpVQv"}}, {"model": "hostel.hosteltypegallery", "pk": 10, "fields": {"hostel_type": 5, "image": "hostel_type_gallery/EXECUTIVE-SINGLE-ROOM-1.webp", "hid": "5M3Ke8D24e"}}, {"model": "hostel.hosteltypegallery", "pk": 11, "fields": {"hostel_type": 4, "image": "hostel_type_gallery/PREMIUM-EXECUTIVE-SINGLE-ROOM-A-1.webp", "hid": "iB81o5lspt"}}, {"model": "hostel.hosteltypegallery", "pk": 13, "fields": {"hostel_type": 4, "image": "hostel_type_gallery/PREMIUM-EXECUTIVE-SINGLE-ROOM-B_A6TRBTc.webp", "hid": "bLJHJORHls"}}, {"model": "hostel.hosteltypegallery", "pk": 14, "fields": {"hostel_type": 6, "image": "hostel_type_gallery/ROOM-OF-2-A-1_CXuO2Sc.webp", "hid": "PHtQ0B47ZC"}}, {"model": "hostel.hostelfeatures", "pk": 1, "fields": {"hostel_type": 4, "icon": null, "icon_type": null, "name": "Air Conditioned", "date": "2024-10-15T13:53:03.680Z"}}, {"model": "hostel.hostelfeatures", "pk": 2, "fields": {"hostel_type": 4, "icon": null, "icon_type": null, "name": "DSTV", "date": "2024-10-15T13:53:14.887Z"}}, {"model": "hostel.hostelfeatures", "pk": 3, "fields": {"hostel_type": 4, "icon": null, "icon_type": null, "name": "Reading Desk", "date": "2024-10-15T13:53:35.265Z"}}, {"model": "hostel.hostelfeatures", "pk": 4, "fields": {"hostel_type": 5, "icon": null, "icon_type": null, "name": "Air Conditioned", "date": "2024-10-15T18:56:52.391Z"}}, {"model": "hostel.hostelfeatures", "pk": 5, "fields": {"hostel_type": 5, "icon": null, "icon_type": null, "name": "WiFi", "date": "2024-10-15T19:01:48.891Z"}}, {"model": "hostel.hostelfeatures", "pk": 6, "fields": {"hostel_type": 5, "icon": null, "icon_type": null, "name": "Toilet & Kitchen", "date": "2024-10-15T19:04:11.084Z"}}, {"model": "hostel.hostelfeatures", "pk": 7, "fields": {"hostel_type": 5, "icon": null, "icon_type": null, "name": "Refrigerator", "date": "2024-10-15T19:04:38.838Z"}}, {"model": "hostel.hostelfeatures", "pk": 8, "fields": {"hostel_type": 5, "icon": null, "icon_type": null, "name": "Reading Desk", "date": "2024-10-15T19:04:58.963Z"}}, {"model": "hostel.hostelfeatures", "pk": 9, "fields": {"hostel_type": 6, "icon": null, "icon_type": null, "name": "Reading Desk", "date": "2024-10-15T19:09:34.408Z"}}, {"model": "hostel.hostelfeatures", "pk": 10, "fields": {"hostel_type": 6, "icon": null, "icon_type": null, "name": "Air Conditioned", "date": "2024-10-15T19:09:44.181Z"}}, {"model": "hostel.hostelfeatures", "pk": 11, "fields": {"hostel_type": 7, "icon": null, "icon_type": null, "name": "Air Conditioned", "date": "2024-10-15T19:09:54.141Z"}}, {"model": "hostel.hostelfeatures", "pk": 12, "fields": {"hostel_type": 8, "icon": null, "icon_type": null, "name": "3 Reading Desk", "date": "2024-10-15T19:10:00.830Z"}}, {"model": "hostel.hostelfeatures", "pk": 13, "fields": {"hostel_type": 7, "icon": null, "icon_type": null, "name": "Reading Desk", "date": "2024-10-15T19:10:12.647Z"}}, {"model": "hostel.hostelfeatures", "pk": 14, "fields": {"hostel_type": 8, "icon": null, "icon_type": null, "name": "Air Conditioned", "date": "2024-10-15T19:11:15.200Z"}}, {"model": "hostel.hostelfeatures", "pk": 15, "fields": {"hostel_type": 9, "icon": null, "icon_type": null, "name": "Air Conditioned", "date": "2024-10-15T19:11:43.438Z"}}, {"model": "hostel.hostelfeatures", "pk": 16, "fields": {"hostel_type": 9, "icon": null, "icon_type": null, "name": "Wardrobe", "date": "2024-10-15T19:14:21.233Z"}}, {"model": "hostel.hostelfeatures", "pk": 17, "fields": {"hostel_type": 9, "icon": null, "icon_type": null, "name": "Toilet", "date": "2024-10-15T19:14:47.882Z"}}, {"model": "hostel.hostelfeatures", "pk": 18, "fields": {"hostel_type": 10, "icon": null, "icon_type": null, "name": "Air Conditioned", "date": "2024-10-15T19:15:00.969Z"}}, {"model": "hostel.hostelfeatures", "pk": 19, "fields": {"hostel_type": 10, "icon": null, "icon_type": null, "name": "5 Reading Desk", "date": "2024-10-15T19:15:13.473Z"}}, {"model": "hostel.hostelfeatures", "pk": 20, "fields": {"hostel_type": 10, "icon": null, "icon_type": null, "name": "Toilet", "date": "2024-10-15T19:15:26.538Z"}}, {"model": "hostel.hostelfeatures", "pk": 21, "fields": {"hostel_type": 11, "icon": null, "icon_type": null, "name": "Air Conditioned", "date": "2024-10-15T19:15:52.801Z"}}, {"model": "hostel.hostelfeatures", "pk": 22, "fields": {"hostel_type": 11, "icon": null, "icon_type": null, "name": "Wardrobe", "date": "2024-10-15T19:16:10.689Z"}}, {"model": "hostel.hostelfeatures", "pk": 23, "fields": {"hostel_type": 11, "icon": null, "icon_type": null, "name": "Reading Desks", "date": "2024-10-15T19:16:32.155Z"}}, {"model": "hostel.room", "pk": 5, "fields": {"hostel": "HQNfdqp", "block": null, "hostel_type": 4, "room_number": "2", "bed": null, "capacity": 1, "current_occupancy": 0, "is_available": true, "fid": "XPeTUwO4m0", "date": "2024-09-14T11:37:49.271Z"}}, {"model": "hostel.room", "pk": 6, "fields": {"hostel": "HQNfdqp", "block": null, "hostel_type": 5, "room_number": "21", "bed": null, "capacity": 1, "current_occupancy": 0, "is_available": true, "fid": "yawUSyY28u", "date": "2024-09-14T11:38:07.673Z"}}, {"model": "hostel.room", "pk": 7, "fields": {"hostel": "HQNfdqp", "block": null, "hostel_type": 6, "room_number": "3a", "bed": null, "capacity": 2, "current_occupancy": 0, "is_available": true, "fid": "nOagfhZoxB", "date": "2024-09-14T11:38:25.549Z"}}, {"model": "hostel.room", "pk": 8, "fields": {"hostel": "HQNfdqp", "block": null, "hostel_type": 7, "room_number": "7", "bed": null, "capacity": 2, "current_occupancy": 0, "is_available": true, "fid": "3p3q6dPs4l", "date": "2024-09-14T11:38:42.661Z"}}, {"model": "hostel.room", "pk": 9, "fields": {"hostel": "HQNfdqp", "block": null, "hostel_type": 8, "room_number": "4", "bed": null, "capacity": 3, "current_occupancy": 2, "is_available": true, "fid": "6E2kMhtbq8", "date": "2024-09-14T11:39:01.334Z"}}, {"model": "hostel.room", "pk": 10, "fields": {"hostel": "HQNfdqp", "block": 1, "hostel_type": 9, "room_number": "55", "bed": null, "capacity": 4, "current_occupancy": 3, "is_available": true, "fid": "ZgarDsMaaM", "date": "2024-09-14T11:39:19.431Z"}}, {"model": "hostel.room", "pk": 11, "fields": {"hostel": "HQNfdqp", "block": 1, "hostel_type": 10, "room_number": "8", "bed": null, "capacity": 5, "current_occupancy": 4, "is_available": true, "fid": "wy3bi3okOw", "date": "2024-09-14T11:39:37.379Z"}}, {"model": "hostel.room", "pk": 12, "fields": {"hostel": "HQNfdqp", "block": null, "hostel_type": 11, "room_number": "87", "bed": null, "capacity": 6, "current_occupancy": 2, "is_available": true, "fid": "qZWtdjqO9d", "date": "2024-09-14T11:39:51.724Z"}}, {"model": "hostel.room", "pk": 13, "fields": {"hostel": "HQNfdqp", "block": null, "hostel_type": 8, "room_number": "99", "bed": null, "capacity": 3, "current_occupancy": 1, "is_available": true, "fid": "caaqRoi6En", "date": "2024-09-25T21:58:04.593Z"}}, {"model": "hostel.room", "pk": 14, "fields": {"hostel": "HQNfdqp", "block": 1, "hostel_type": 8, "room_number": "33", "bed": null, "capacity": 3, "current_occupancy": 1, "is_available": true, "fid": "tK4aJunRp8", "date": "2024-09-25T22:02:01.323Z"}}, {"model": "hostel.room", "pk": 15, "fields": {"hostel": "HQNfdqp", "block": 1, "hostel_type": 11, "room_number": "5", "bed": null, "capacity": 6, "current_occupancy": 2, "is_available": true, "fid": "qYcFhvRYgs", "date": "2024-10-12T11:15:02.440Z"}}, {"model": "hostel.booking", "pk": 242, "fields": {"user": 7, "hostel": "HQNfdqp", "hostel_type": 11, "room": 15, "fullname": "Tony Ogaje", "email": "tony@gmail.com", "phone": "32374392", "school": "baze", "gender": null, "rate_type": null, "rate_price": "400000.00", "is_active": true, "check_in_tracker": false, "check_out_tracker": false, "date": "2024-10-22T13:29:19.687Z", "stripe_payment": null, "payment_status": "Processing", "success_id": "BwT5QFCMke", "booking_id": "omPmfvrlcc"}}, {"model": "hostel.booking", "pk": 243, "fields": {"user": 7, "hostel": "HQNfdqp", "hostel_type": 11, "room": 12, "fullname": "Tony Ogaje", "email": "tony@gmail.com", "phone": "32374392", "school": "baze", "gender": null, "rate_type": null, "rate_price": "400000.00", "is_active": true, "check_in_tracker": false, "check_out_tracker": false, "date": "2024-10-22T13:36:10.595Z", "stripe_payment": null, "payment_status": "Processing", "success_id": "81Cspi9Jr1", "booking_id": "y3CI8UOybP"}}, {"model": "hostel.booking", "pk": 244, "fields": {"user": 7, "hostel": "HQNfdqp", "hostel_type": 11, "room": 15, "fullname": "Tony Ogaje", "email": "tony@gmail.com", "phone": "32374392", "school": "baze", "gender": null, "rate_type": null, "rate_price": "400000.00", "is_active": true, "check_in_tracker": false, "check_out_tracker": false, "date": "2024-10-22T14:49:05.028Z", "stripe_payment": null, "payment_status": "Processing", "success_id": "GV9XWjRyJD", "booking_id": "3Fam6zrAgw"}}, {"model": "hostel.booking", "pk": 245, "fields": {"user": 11, "hostel": "HQNfdqp", "hostel_type": 9, "room": 10, "fullname": "kache official", "email": "kacheofficial@gmail.com", "phone": "32374392", "school": "nile", "gender": null, "rate_type": "session", "rate_price": "1605000.00", "is_active": true, "check_in_tracker": false, "check_out_tracker": false, "date": "2024-10-22T14:53:24.885Z", "stripe_payment": null, "payment_status": "Processing", "success_id": "uy4JfiZfIf", "booking_id": "V7mIxGDKGj"}}, {"model": "hostel.booking", "pk": 246, "fields": {"user": 11, "hostel": "HQNfdqp", "hostel_type": 8, "room": 9, "fullname": "kache official", "email": "kacheofficial@gmail.com", "phone": "32374392", "school": "nile", "gender": null, "rate_type": "session", "rate_price": "1685000.00", "is_active": true, "check_in_tracker": false, "check_out_tracker": false, "date": "2024-10-22T14:56:30.875Z", "stripe_payment": null, "payment_status": "Processing", "success_id": "9URgMRgVUa", "booking_id": "ahOY1RzIr0"}}, {"model": "hostel.booking", "pk": 247, "fields": {"user": 11, "hostel": "HQNfdqp", "hostel_type": 11, "room": 12, "fullname": "kache official", "email": "kacheofficial@gmail.com", "phone": "32374392", "school": "nile", "gender": null, "rate_type": "semester", "rate_price": "600000.00", "is_active": true, "check_in_tracker": false, "check_out_tracker": false, "date": "2024-10-22T15:03:50.165Z", "stripe_payment": null, "payment_status": "Processing", "success_id": "GiC6ZI3ZUi", "booking_id": "bLRwyp9pI6"}}, {"model": "hostel.booking", "pk": 248, "fields": {"user": 7, "hostel": "HQNfdqp", "hostel_type": 8, "room": 14, "fullname": "Tony Ogaje", "email": "tony@gmail.com", "phone": "32374392", "school": "baze", "gender": null, "rate_type": null, "rate_price": "562000.00", "is_active": true, "check_in_tracker": false, "check_out_tracker": false, "date": "2024-10-22T15:52:33.071Z", "stripe_payment": null, "payment_status": "Processing", "success_id": "lm7FdWddbq", "booking_id": "31HGPCACJA"}}, {"model": "hostel.booking", "pk": 249, "fields": {"user": 7, "hostel": "HQNfdqp", "hostel_type": 9, "room": 10, "fullname": "Tony Ogaje", "email": "tony@gmail.com", "phone": "32374392", "school": "baze", "gender": null, "rate_type": null, "rate_price": "535000.00", "is_active": true, "check_in_tracker": false, "check_out_tracker": false, "date": "2024-10-23T21:49:25.358Z", "stripe_payment": null, "payment_status": "Paid", "success_id": "7ttNz6VENj", "booking_id": "3CNFkknkjf"}}, {"model": "hostel.booking", "pk": 250, "fields": {"user": 2, "hostel": "HQNfdqp", "hostel_type": 11, "room": 15, "fullname": "Michael Ogaje", "email": "michaelogaje033@gmail.com", "phone": "876578", "school": "nile", "gender": null, "rate_type": "session", "rate_price": "1200000.00", "is_active": true, "check_in_tracker": false, "check_out_tracker": false, "date": "2024-10-26T11:00:39.846Z", "stripe_payment": null, "payment_status": "Processing", "success_id": "iqcq8itbod", "booking_id": "sSXF7pp7Pl"}}, {"model": "hostel.booking", "pk": 254, "fields": {"user": 2, "hostel": "HQNfdqp", "hostel_type": 11, "room": 15, "fullname": "Michael Ogaje", "email": "michaelogaje033@gmail.com", "phone": "876578", "school": "nile", "gender": null, "rate_type": "semester", "rate_price": "600000.00", "is_active": true, "check_in_tracker": false, "check_out_tracker": false, "date": "2024-11-02T20:24:35.714Z", "stripe_payment": null, "payment_status": "Processing", "success_id": "8QmLLMTFsD", "booking_id": "MhgnuQQBk1"}}, {"model": "hostel.booking", "pk": 257, "fields": {"user": 2, "hostel": "HQNfdqp", "hostel_type": 11, "room": 15, "fullname": "Michael Ogaje", "email": "bossfurhan29@gmail.com", "phone": "765432", "school": "nile", "gender": null, "rate_type": "semester", "rate_price": "600000.00", "is_active": true, "check_in_tracker": false, "check_out_tracker": false, "date": "2024-11-03T22:12:40.520Z", "stripe_payment": null, "payment_status": "Paid", "success_id": "cpcfPTAE8w", "booking_id": "CbuRimsEgs"}}, {"model": "hostel.booking", "pk": 258, "fields": {"user": 2, "hostel": "HQNfdqp", "hostel_type": 10, "room": 11, "fullname": "Michael Ogaje", "email": "michaelogaje033@gmail.com", "phone": "0915234214", "school": "nile", "gender": null, "rate_type": "session", "rate_price": "1475000.00", "is_active": true, "check_in_tracker": false, "check_out_tracker": false, "date": "2024-11-03T22:25:09.755Z", "stripe_payment": null, "payment_status": "Paid", "success_id": "VEm1BNJjIh", "booking_id": "f1uWIyBmP3"}}, {"model": "hostel.booking", "pk": 259, "fields": {"user": 2, "hostel": "HQNfdqp", "hostel_type": 9, "room": 10, "fullname": "Michael Ogaje", "email": "michaelogaje033@gmail.com", "phone": "0915234214", "school": "nile", "gender": null, "rate_type": "semester", "rate_price": "802500.00", "is_active": true, "check_in_tracker": false, "check_out_tracker": false, "date": "2024-11-04T23:21:49.727Z", "stripe_payment": null, "payment_status": "Paid", "success_id": "TtFSqMO0HK", "booking_id": "kLGTa4IyKD"}}, {"model": "hostel.booking", "pk": 260, "fields": {"user": 12, "hostel": "HQNfdqp", "hostel_type": 8, "room": 14, "fullname": "Tony Ogaje", "email": "tony123@gmail.com", "phone": "32374392", "school": "baze", "gender": null, "rate_type": null, "rate_price": "562000.00", "is_active": true, "check_in_tracker": false, "check_out_tracker": false, "date": "2024-11-09T07:44:15.519Z", "stripe_payment": null, "payment_status": "Processing", "success_id": "suTZ7VwF6x", "booking_id": "XSyQ9f56Lf"}}, {"model": "hostel.booking", "pk": 261, "fields": {"user": 12, "hostel": "HQNfdqp", "hostel_type": 9, "room": 10, "fullname": "Tony Ogaje", "email": "tony123@gmail.com", "phone": "32374392", "school": "baze", "gender": null, "rate_type": null, "rate_price": "535000.00", "is_active": true, "check_in_tracker": false, "check_out_tracker": false, "date": "2024-11-09T08:20:56.124Z", "stripe_payment": null, "payment_status": "Processing", "success_id": "pJ5DKiNS37", "booking_id": "nS69eNkZXa"}}, {"model": "hostel.booking", "pk": 262, "fields": {"user": 12, "hostel": "HQNfdqp", "hostel_type": 11, "room": 15, "fullname": "Tony Ogaje", "email": "tony123@gmail.com", "phone": "32374392", "school": "baze", "gender": null, "rate_type": null, "rate_price": "400000.00", "is_active": true, "check_in_tracker": false, "check_out_tracker": false, "date": "2024-11-09T08:24:46.651Z", "stripe_payment": null, "payment_status": "Processing", "success_id": "tNg7ybpK7u", "booking_id": "fguxaPnK37"}}, {"model": "hostel.booking", "pk": 263, "fields": {"user": 13, "hostel": "HQNfdqp", "hostel_type": 10, "room": 11, "fullname": "Michael Ogaje", "email": "Michael300@gmail.com", "phone": "08142878380", "school": "baze", "gender": null, "rate_type": null, "rate_price": "492000.00", "is_active": true, "check_in_tracker": false, "check_out_tracker": false, "date": "2024-11-09T08:53:00.884Z", "stripe_payment": null, "payment_status": "Paid", "success_id": "S51wjtYCtn", "booking_id": "euOlAn4bxi"}}, {"model": "hostel.booking", "pk": 264, "fields": {"user": null, "hostel": "HQNfdqp", "hostel_type": 11, "room": 15, "fullname": null, "email": null, "phone": null, "school": null, "gender": null, "rate_type": "semester", "rate_price": "600000.00", "is_active": true, "check_in_tracker": false, "check_out_tracker": false, "date": "2024-11-16T13:04:18.932Z", "stripe_payment": null, "payment_status": "", "success_id": "lmxz2wt02h", "booking_id": "m4hzcHhQaU"}}, {"model": "hostel.booking", "pk": 265, "fields": {"user": null, "hostel": "HQNfdqp", "hostel_type": 9, "room": 10, "fullname": null, "email": null, "phone": null, "school": null, "gender": null, "rate_type": "semester", "rate_price": "802500.00", "is_active": true, "check_in_tracker": false, "check_out_tracker": false, "date": "2024-11-16T13:17:10.023Z", "stripe_payment": null, "payment_status": "", "success_id": "Mb2M72ZYI7", "booking_id": "FriWK0IuSC"}}, {"model": "hostel.booking", "pk": 266, "fields": {"user": null, "hostel": "HQNfdqp", "hostel_type": 10, "room": 11, "fullname": null, "email": null, "phone": null, "school": null, "gender": null, "rate_type": "semester", "rate_price": "737500.00", "is_active": true, "check_in_tracker": false, "check_out_tracker": false, "date": "2024-11-16T13:17:52.001Z", "stripe_payment": null, "payment_status": "", "success_id": "L5rSYUKaTG", "booking_id": "VsZIs6ZMvX"}}, {"model": "hostel.booking", "pk": 267, "fields": {"user": null, "hostel": "HQNfdqp", "hostel_type": 11, "room": 15, "fullname": null, "email": null, "phone": null, "school": null, "gender": null, "rate_type": "semester", "rate_price": "600000.00", "is_active": true, "check_in_tracker": false, "check_out_tracker": false, "date": "2024-11-16T13:18:42.358Z", "stripe_payment": null, "payment_status": "", "success_id": "iuYh9BeE6W", "booking_id": "eF7pgSPx3o"}}, {"model": "hostel.booking", "pk": 268, "fields": {"user": null, "hostel": "HQNfdqp", "hostel_type": 11, "room": 15, "fullname": null, "email": null, "phone": null, "school": null, "gender": null, "rate_type": "session", "rate_price": "1200000.00", "is_active": true, "check_in_tracker": false, "check_out_tracker": false, "date": "2024-11-16T13:19:00.510Z", "stripe_payment": null, "payment_status": "", "success_id": "qgZ3gSa7Yb", "booking_id": "ghikfOjeGG"}}, {"model": "hostel.booking", "pk": 269, "fields": {"user": null, "hostel": "HQNfdqp", "hostel_type": 11, "room": 15, "fullname": null, "email": null, "phone": null, "school": null, "gender": null, "rate_type": null, "rate_price": null, "is_active": true, "check_in_tracker": false, "check_out_tracker": false, "date": "2024-11-16T04:26:34.556Z", "stripe_payment": null, "payment_status": "", "success_id": "EC2iJEizif", "booking_id": "2fXJ3uhTPx"}}, {"model": "hostel.booking", "pk": 270, "fields": {"user": null, "hostel": "HQNfdqp", "hostel_type": 11, "room": 15, "fullname": null, "email": null, "phone": null, "school": null, "gender": null, "rate_type": null, "rate_price": null, "is_active": true, "check_in_tracker": false, "check_out_tracker": false, "date": "2024-11-16T04:26:49.453Z", "stripe_payment": null, "payment_status": "", "success_id": "CuhaMH3TqP", "booking_id": "Fh3ZdYjapm"}}, {"model": "hostel.booking", "pk": 271, "fields": {"user": null, "hostel": "HQNfdqp", "hostel_type": 9, "room": 10, "fullname": null, "email": null, "phone": null, "school": null, "gender": null, "rate_type": "semester", "rate_price": "802500.00", "is_active": true, "check_in_tracker": false, "check_out_tracker": false, "date": "2024-11-16T04:29:39.087Z", "stripe_payment": null, "payment_status": "", "success_id": "wppjj4g2HJ", "booking_id": "GrfYL6txm5"}}, {"model": "hostel.booking", "pk": 272, "fields": {"user": null, "hostel": "HQNfdqp", "hostel_type": 8, "room": 14, "fullname": null, "email": null, "phone": null, "school": null, "gender": null, "rate_type": "semester", "rate_price": "842500.00", "is_active": true, "check_in_tracker": false, "check_out_tracker": false, "date": "2024-11-16T15:59:04.297Z", "stripe_payment": null, "payment_status": "", "success_id": "un5uqwbRzc", "booking_id": "MzceXA8N3K"}}, {"model": "hostel.booking", "pk": 273, "fields": {"user": null, "hostel": "HQNfdqp", "hostel_type": 11, "room": 15, "fullname": null, "email": null, "phone": null, "school": null, "gender": null, "rate_type": "semester", "rate_price": "600000.00", "is_active": true, "check_in_tracker": false, "check_out_tracker": false, "date": "2024-11-16T18:11:04.967Z", "stripe_payment": null, "payment_status": "", "success_id": "34Ribg1gUX", "booking_id": "2urqEe3qr8"}}, {"model": "hostel.booking", "pk": 274, "fields": {"user": null, "hostel": "HQNfdqp", "hostel_type": 11, "room": 15, "fullname": null, "email": null, "phone": null, "school": null, "gender": null, "rate_type": "semester", "rate_price": "600000.00", "is_active": true, "check_in_tracker": false, "check_out_tracker": false, "date": "2024-11-16T18:12:06.337Z", "stripe_payment": null, "payment_status": "", "success_id": "mstlC5puUl", "booking_id": "mEzo8pSJrh"}}, {"model": "hostel.notification", "pk": 1, "fields": {"user": 1, "booking": null, "type": "Booking Confirmed", "seen": false, "date": "2024-09-08T12:28:45.394Z"}}, {"model": "hostel.notification", "pk": 2, "fields": {"user": 1, "booking": null, "type": "Booking Confirmed", "seen": false, "date": "2024-09-10T22:02:27.030Z"}}, {"model": "hostel.notification", "pk": 3, "fields": {"user": 1, "booking": null, "type": "Booking Confirmed", "seen": false, "date": "2024-09-10T22:39:16.278Z"}}, {"model": "hostel.notification", "pk": 4, "fields": {"user": 2, "booking": null, "type": "Booking Confirmed", "seen": false, "date": "2024-09-10T23:00:18.357Z"}}, {"model": "hostel.notification", "pk": 5, "fields": {"user": 2, "booking": null, "type": "Booking Confirmed", "seen": false, "date": "2024-09-10T23:11:16.813Z"}}, {"model": "hostel.notification", "pk": 6, "fields": {"user": 2, "booking": null, "type": "Booking Confirmed", "seen": false, "date": "2024-09-11T23:14:33.593Z"}}, {"model": "hostel.notification", "pk": 7, "fields": {"user": 2, "booking": null, "type": "Booking Confirmed", "seen": false, "date": "2024-09-14T11:01:33.813Z"}}, {"model": "hostel.notification", "pk": 8, "fields": {"user": 4, "booking": null, "type": "Booking Confirmed", "seen": false, "date": "2024-09-15T16:57:25.456Z"}}, {"model": "hostel.notification", "pk": 9, "fields": {"user": 2, "booking": null, "type": "Booking Confirmed", "seen": false, "date": "2024-09-20T19:30:27.493Z"}}, {"model": "hostel.notification", "pk": 10, "fields": {"user": 2, "booking": null, "type": "Booking Confirmed", "seen": false, "date": "2024-09-25T23:47:04.296Z"}}, {"model": "hostel.notification", "pk": 11, "fields": {"user": 2, "booking": null, "type": "Booking Confirmed", "seen": false, "date": "2024-09-25T23:48:04.359Z"}}, {"model": "hostel.notification", "pk": 12, "fields": {"user": 2, "booking": null, "type": "Booking Confirmed", "seen": false, "date": "2024-09-27T21:07:12.891Z"}}, {"model": "hostel.notification", "pk": 13, "fields": {"user": 2, "booking": null, "type": "Booking Confirmed", "seen": false, "date": "2024-09-29T14:53:55.406Z"}}, {"model": "hostel.notification", "pk": 14, "fields": {"user": 2, "booking": null, "type": "Booking Confirmed", "seen": false, "date": "2024-09-29T19:40:15.585Z"}}, {"model": "hostel.notification", "pk": 15, "fields": {"user": 2, "booking": null, "type": "Booking Confirmed", "seen": false, "date": "2024-09-29T19:42:58.146Z"}}, {"model": "hostel.notification", "pk": 16, "fields": {"user": 2, "booking": null, "type": "Booking Confirmed", "seen": false, "date": "2024-09-29T19:50:09.267Z"}}, {"model": "hostel.notification", "pk": 17, "fields": {"user": 2, "booking": null, "type": "Booking Confirmed", "seen": false, "date": "2024-10-01T10:19:46.659Z"}}, {"model": "hostel.notification", "pk": 18, "fields": {"user": 2, "booking": null, "type": "Booking Confirmed", "seen": false, "date": "2024-10-01T10:22:28.103Z"}}, {"model": "hostel.notification", "pk": 19, "fields": {"user": 2, "booking": null, "type": "Booking Confirmed", "seen": false, "date": "2024-10-01T10:23:59.569Z"}}, {"model": "hostel.notification", "pk": 20, "fields": {"user": 2, "booking": null, "type": "Booking Confirmed", "seen": false, "date": "2024-10-01T21:00:56.197Z"}}, {"model": "hostel.notification", "pk": 21, "fields": {"user": 2, "booking": null, "type": "Booking Confirmed", "seen": false, "date": "2024-10-03T15:24:10.402Z"}}, {"model": "hostel.notification", "pk": 22, "fields": {"user": 2, "booking": null, "type": "Booking Confirmed", "seen": false, "date": "2024-10-11T16:05:07.689Z"}}, {"model": "hostel.notification", "pk": 23, "fields": {"user": 2, "booking": null, "type": "Booking Confirmed", "seen": false, "date": "2024-10-12T12:46:17.864Z"}}, {"model": "hostel.notification", "pk": 24, "fields": {"user": 2, "booking": null, "type": "Booking Confirmed", "seen": false, "date": "2024-10-13T22:31:47.494Z"}}, {"model": "hostel.notification", "pk": 25, "fields": {"user": 2, "booking": null, "type": "Booking Confirmed", "seen": false, "date": "2024-10-14T19:35:04.508Z"}}, {"model": "hostel.notification", "pk": 26, "fields": {"user": 2, "booking": null, "type": "Booking Confirmed", "seen": false, "date": "2024-10-14T19:42:20.150Z"}}, {"model": "hostel.notification", "pk": 27, "fields": {"user": 2, "booking": null, "type": "Booking Confirmed", "seen": false, "date": "2024-10-14T23:00:31.379Z"}}, {"model": "hostel.notification", "pk": 28, "fields": {"user": 6, "booking": null, "type": "Booking Confirmed", "seen": false, "date": "2024-10-15T11:58:39.637Z"}}, {"model": "hostel.notification", "pk": 29, "fields": {"user": 2, "booking": null, "type": "Booking Confirmed", "seen": false, "date": "2024-10-15T15:45:41.078Z"}}, {"model": "hostel.notification", "pk": 30, "fields": {"user": 2, "booking": null, "type": "Booking Confirmed", "seen": false, "date": "2024-10-19T11:03:06.967Z"}}, {"model": "hostel.notification", "pk": 31, "fields": {"user": 2, "booking": null, "type": "Booking Confirmed", "seen": false, "date": "2024-10-22T12:50:32.370Z"}}, {"model": "hostel.notification", "pk": 32, "fields": {"user": 7, "booking": null, "type": "Booking Confirmed", "seen": false, "date": "2024-10-22T13:27:58.421Z"}}, {"model": "hostel.notification", "pk": 33, "fields": {"user": 11, "booking": 247, "type": "Booking Confirmed", "seen": false, "date": "2024-10-22T15:05:56.464Z"}}, {"model": "hostel.notification", "pk": 34, "fields": {"user": 7, "booking": 249, "type": "Booking Confirmed", "seen": false, "date": "2024-10-23T21:50:28.059Z"}}, {"model": "hostel.notification", "pk": 35, "fields": {"user": 2, "booking": null, "type": "Booking Confirmed", "seen": false, "date": "2024-11-02T12:12:01.548Z"}}, {"model": "hostel.notification", "pk": 36, "fields": {"user": 2, "booking": null, "type": "Booking Confirmed", "seen": false, "date": "2024-11-02T12:44:32.441Z"}}, {"model": "hostel.notification", "pk": 37, "fields": {"user": 2, "booking": null, "type": "Booking Confirmed", "seen": false, "date": "2024-11-02T14:07:10.245Z"}}, {"model": "hostel.notification", "pk": 38, "fields": {"user": 2, "booking": null, "type": "Booking Confirmed", "seen": false, "date": "2024-11-03T16:11:49.296Z"}}, {"model": "hostel.notification", "pk": 39, "fields": {"user": 2, "booking": null, "type": "Booking Confirmed", "seen": false, "date": "2024-11-03T16:14:47.462Z"}}, {"model": "hostel.notification", "pk": 40, "fields": {"user": 2, "booking": 258, "type": "Booking Confirmed", "seen": false, "date": "2024-11-03T22:25:52.247Z"}}, {"model": "hostel.notification", "pk": 41, "fields": {"user": 2, "booking": 259, "type": "Booking Confirmed", "seen": false, "date": "2024-11-04T23:22:56.761Z"}}, {"model": "hostel.notification", "pk": 42, "fields": {"user": 13, "booking": 263, "type": "Booking Confirmed", "seen": false, "date": "2024-11-09T08:53:43.004Z"}}, {"model": "hostel.maintenance_request", "pk": 1, "fields": {"user": 2, "hostel": "HQNfdqp", "room": null, "booking": null, "request": "my bulb is dead", "issue_category": "electrical issue", "description": null, "active": false, "date": "2024-10-16T21:29:24.957Z", "helpful": []}}, {"model": "studentauth.customuser", "pk": 1, "fields": {"password": "pbkdf2_sha256$870000$VjGWvuQLJBbuXVDoZxMPPs$9or98hftkRRGubtELawLWntwrx15gSDFhCYevMRRmGY=", "last_login": "2024-11-14T02:39:11.367Z", "is_superuser": true, "first_name": "", "last_name": "", "is_staff": true, "is_active": true, "date_joined": "2024-09-05T14:54:19.860Z", "fullname": null, "student_id": "", "email": "hostel@gmail.com", "phone": null, "username": "hostel", "gender": "Other", "school": null, "level": null, "next_of_kin_fullname": null, "kin_phone": null, "kin_address": null, "groups": [], "user_permissions": []}}, {"model": "studentauth.customuser", "pk": 2, "fields": {"password": "pbkdf2_sha256$870000$F7ZBg1CuGNyrItarBx2LRW$+e8XWsQBudYuCoiHZdcM0NFZS/3MVfg1fAtqdPYFeuM=", "last_login": "2024-11-03T12:27:26.330Z", "is_superuser": false, "first_name": "", "last_name": "", "is_staff": false, "is_active": true, "date_joined": "2024-09-05T14:56:06Z", "fullname": null, "student_id": "m1904722", "email": "michaelogaje033@gmail.com", "phone": null, "username": "kache", "gender": "male", "school": "nile", "level": null, "next_of_kin_fullname": null, "kin_phone": null, "kin_address": null, "groups": [], "user_permissions": []}}, {"model": "studentauth.customuser", "pk": 3, "fields": {"password": "2019/1/79500ph", "last_login": "2024-09-06T18:53:14Z", "is_superuser": false, "first_name": "steeze", "last_name": "ogaje", "is_staff": false, "is_active": true, "date_joined": "2024-09-06T18:53:08Z", "fullname": "steeze ogaje", "student_id": "m7934", "email": "steeze@gmail.com", "phone": "32374392", "username": "steeze", "gender": "male", "school": null, "level": null, "next_of_kin_fullname": null, "kin_phone": null, "kin_address": null, "groups": [], "user_permissions": []}}, {"model": "studentauth.customuser", "pk": 4, "fields": {"password": "pbkdf2_sha256$720000$ZbMFa6FS6mNNuTxmP0UsWk$Pf9+35F3jLsMy51MaWXs73UaQ3Tp5Efro9ndRBqqOD0=", "last_login": "2024-09-16T11:54:50.977Z", "is_superuser": false, "first_name": "", "last_name": "", "is_staff": false, "is_active": true, "date_joined": "2024-09-15T16:35:18Z", "fullname": "kenn", "student_id": "htrfgd", "email": "kennkiyoshi@gmail.com", "phone": "353423", "username": "kev", "gender": "male", "school": "baze", "level": null, "next_of_kin_fullname": null, "kin_phone": null, "kin_address": null, "groups": [], "user_permissions": []}}, {"model": "studentauth.customuser", "pk": 5, "fields": {"password": "pbkdf2_sha256$720000$WXHgc6AAGPR0DyBqQL2s3X$mva/vwWlUEiHsQP0Ib6e56B9mMx3p+03zHVoMgLoaqE=", "last_login": "2024-09-21T13:25:47.180Z", "is_superuser": false, "first_name": "", "last_name": "", "is_staff": false, "is_active": true, "date_joined": "2024-09-21T13:25:45.002Z", "fullname": "Martha Ogaje", "student_id": "m172290", "email": "marthaogaje@gmail.com", "phone": "08035957979", "username": "martha", "gender": "female", "school": "nile", "level": "500", "next_of_kin_fullname": "michael", "kin_phone": "08142878380", "kin_address": "104 kubwa abuja", "groups": [], "user_permissions": []}}, {"model": "studentauth.customuser", "pk": 6, "fields": {"password": "pbkdf2_sha256$870000$XaXW5NSwflB7qltMwVktsS$zsDTL7N+8UxehmcTIcGI7aBQTeGDXbQYKaTSpC2sM3w=", "last_login": "2024-10-14T23:02:41Z", "is_superuser": false, "first_name": "", "last_name": "", "is_staff": false, "is_active": true, "date_joined": "2024-10-14T23:02:38Z", "fullname": "adole jordan", "student_id": "453245j", "email": "adole@gmail.com", "phone": "93842892", "username": "adole", "gender": "male", "school": "nile", "level": "500", "next_of_kin_fullname": "Michael Ogaje", "kin_phone": "08142878380", "kin_address": "104 kukwaba kubwa abuja", "groups": [], "user_permissions": []}}, {"model": "studentauth.customuser", "pk": 7, "fields": {"password": "pbkdf2_sha256$870000$p7MX1SqKqzFUab8APMfozP$P7JL9/X0W6nvDiNqcRQr75zO00l7Y03dFSmAzGTSCH8=", "last_login": "2024-11-15T13:50:57.315Z", "is_superuser": false, "first_name": "", "last_name": "", "is_staff": false, "is_active": true, "date_joined": "2024-10-19T13:15:39Z", "fullname": "Tony Ogaje", "student_id": null, "email": "tony@gmail.com", "phone": "32374392", "username": null, "gender": "male", "school": "baze", "level": null, "next_of_kin_fullname": null, "kin_phone": null, "kin_address": null, "groups": [], "user_permissions": []}}, {"model": "studentauth.customuser", "pk": 8, "fields": {"password": "pbkdf2_sha256$870000$IyRn7OFKda516q1S4vDqnJ$2huVYQheckNZ1XayoS+stDD1eLfnJd80q3xN2I9M6rw=", "last_login": "2024-10-19T13:33:28.823Z", "is_superuser": false, "first_name": "", "last_name": "", "is_staff": false, "is_active": true, "date_joined": "2024-10-19T13:33:26.193Z", "fullname": "paddi carizo", "student_id": null, "email": "paddi@gmail.com", "phone": "0814288380", "username": null, "gender": "female", "school": "nile", "level": null, "next_of_kin_fullname": null, "kin_phone": null, "kin_address": null, "groups": [], "user_permissions": []}}, {"model": "studentauth.customuser", "pk": 9, "fields": {"password": "pbkdf2_sha256$870000$VIUFqRMdqJa9ani10ISx5I$nIuyOgNNtzAt1O2XRLtl4bGRiyZXT44n15TjOeVw5HA=", "last_login": "2024-10-19T13:48:49.954Z", "is_superuser": false, "first_name": "", "last_name": "", "is_staff": false, "is_active": true, "date_joined": "2024-10-19T13:48:47.332Z", "fullname": "kache official", "student_id": null, "email": "kache@gmail.com", "phone": "876578", "username": null, "gender": "male", "school": "baze", "level": null, "next_of_kin_fullname": null, "kin_phone": null, "kin_address": null, "groups": [], "user_permissions": []}}, {"model": "studentauth.customuser", "pk": 10, "fields": {"password": "pbkdf2_sha256$870000$xKHivrH3G0pUFiT0mcvG4H$Wwy7F2SgemBWTgmwGsjVSoadLYvKC9vrFZjjvWd7IjU=", "last_login": "2024-10-19T13:50:44.183Z", "is_superuser": false, "first_name": "", "last_name": "", "is_staff": false, "is_active": true, "date_joined": "2024-10-19T13:50:41.514Z", "fullname": "bmw", "student_id": null, "email": "bmw@gmail.com", "phone": "876578", "username": null, "gender": "female", "school": "baze", "level": null, "next_of_kin_fullname": null, "kin_phone": null, "kin_address": null, "groups": [], "user_permissions": []}}, {"model": "studentauth.customuser", "pk": 11, "fields": {"password": "pbkdf2_sha256$870000$4j1HuQupytwdFwoRH92nJa$dfCw8O90zdPlXye3+xXmB8Czk7eHPZZy9/05zjpZUcM=", "last_login": "2024-11-15T13:52:14.070Z", "is_superuser": false, "first_name": "", "last_name": "", "is_staff": false, "is_active": true, "date_joined": "2024-10-22T14:49:57.449Z", "fullname": "kache official", "student_id": null, "email": "kacheofficial@gmail.com", "phone": "32374392", "username": null, "gender": "male", "school": "nile", "level": null, "next_of_kin_fullname": null, "kin_phone": null, "kin_address": null, "groups": [], "user_permissions": []}}, {"model": "studentauth.customuser", "pk": 12, "fields": {"password": "pbkdf2_sha256$870000$ZiyeRwDWfRKPhaTCYV1YzN$dxc2SFKjHAr5LcHaHKAmANSLyYEikANOPs1kMfnHv0I=", "last_login": "2024-11-09T07:41:53Z", "is_superuser": false, "first_name": "", "last_name": "", "is_staff": false, "is_active": true, "date_joined": "2024-11-09T07:41:48Z", "fullname": "Tony Ogaje", "student_id": null, "email": "tony123@gmail.com", "phone": "32374392", "username": null, "gender": "male", "school": "baze", "level": null, "next_of_kin_fullname": null, "kin_phone": null, "kin_address": null, "groups": [], "user_permissions": []}}, {"model": "studentauth.customuser", "pk": 13, "fields": {"password": "pbkdf2_sha256$870000$cBjWzur9IUVSSnlbk3W9cG$nywvQTK5AVLI/gFmWpX0/ZcRbFCxhYO+HmedC0JumFk=", "last_login": "2024-11-09T08:51:45.766Z", "is_superuser": false, "first_name": "", "last_name": "", "is_staff": false, "is_active": true, "date_joined": "2024-11-09T08:51:43.224Z", "fullname": "Michael Ogaje", "student_id": null, "email": "mikegidds@gmail.com", "phone": "Michael Ogaje", "username": null, "gender": "male", "school": "baze", "level": null, "next_of_kin_fullname": null, "kin_phone": null, "kin_address": null, "groups": [], "user_permissions": []}}, {"model": "studentauth.customuser", "pk": 14, "fields": {"password": "pbkdf2_sha256$870000$EOpFm948R6PgFCJfYMphTl$RhU3OjBmrBvkzEs2b4s3xWi7qAyHjuHJ5SZdaytKdvQ=", "last_login": "2024-11-11T14:19:12.670Z", "is_superuser": false, "first_name": "", "last_name": "", "is_staff": false, "is_active": true, "date_joined": "2024-11-10T14:31:41.405Z", "fullname": "Martha Ogaje", "student_id": null, "email": "marthaogaje12@gmail.com", "phone": "876578", "username": null, "gender": "male", "school": "nile", "level": null, "next_of_kin_fullname": null, "kin_phone": null, "kin_address": null, "groups": [], "user_permissions": []}}, {"model": "studentauth.studentprofile", "pk": "6f2xjxz", "fields": {"user": 11, "fullname": null, "student_id": null, "department": null, "email": null, "phone": null, "image": "default.jpg", "gender": null, "country": null, "city": null, "state": null, "postal_code": null, "address": null, "hostel": null, "identity_type": null, "identity_image": "", "paid": false, "date": "2024-10-22"}}, {"model": "studentauth.studentprofile", "pk": "7cPGc7v", "fields": {"user": 7, "fullname": "Tony Ogaje", "student_id": null, "department": null, "email": null, "phone": "32374392", "image": "user_7/7_thumb-2.jpg.jpg", "gender": "male", "country": null, "city": null, "state": null, "postal_code": null, "address": null, "hostel": null, "identity_type": null, "identity_image": "", "paid": false, "date": "2024-10-19"}}, {"model": "studentauth.studentprofile", "pk": "7fmRrYo", "fields": {"user": 1, "fullname": "Tony Ogaje", "student_id": "m1904721", "department": null, "email": "tony@gmail.com", "phone": "876578", "image": "user_1/1_dashboard-avatar.jpg.jpg", "gender": "female", "country": null, "city": null, "state": null, "postal_code": null, "address": null, "hostel": null, "identity_type": null, "identity_image": "", "paid": false, "date": "2024-09-05"}}, {"model": "studentauth.studentprofile", "pk": "9F7vVLe", "fields": {"user": 14, "fullname": null, "student_id": null, "department": null, "email": null, "phone": null, "image": "profile-icon.svg", "gender": null, "country": null, "city": null, "state": null, "postal_code": null, "address": null, "hostel": null, "identity_type": null, "identity_image": "", "paid": false, "date": "2024-11-10"}}, {"model": "studentauth.studentprofile", "pk": "BnXb0tk", "fields": {"user": 9, "fullname": null, "student_id": null, "department": null, "email": null, "phone": null, "image": "default.jpeg", "gender": null, "country": null, "city": null, "state": null, "postal_code": null, "address": null, "hostel": null, "identity_type": null, "identity_image": "", "paid": false, "date": "2024-10-19"}}, {"model": "studentauth.studentprofile", "pk": "d5oewGf", "fields": {"user": 12, "fullname": "Tony Ogaje", "student_id": null, "department": null, "email": null, "phone": "32374392", "image": "user_12/12_happy-client-01.jpg.jpg", "gender": null, "country": null, "city": null, "state": null, "postal_code": null, "address": null, "hostel": null, "identity_type": null, "identity_image": "", "paid": false, "date": "2024-11-09"}}, {"model": "studentauth.studentprofile", "pk": "dmvWmQW", "fields": {"user": 2, "fullname": null, "student_id": "453245jk", "department": null, "email": "michaelogaje033@gmail.com", "phone": null, "image": "user_2/2_dashboard-avatar.jpg.jpg", "gender": "male", "country": null, "city": null, "state": null, "postal_code": null, "address": null, "hostel": null, "identity_type": null, "identity_image": "", "paid": false, "date": "2024-09-05"}}, {"model": "studentauth.studentprofile", "pk": "h8757Pr", "fields": {"user": 6, "fullname": null, "student_id": null, "department": null, "email": null, "phone": null, "image": "default.jpeg", "gender": null, "country": null, "city": null, "state": null, "postal_code": null, "address": null, "hostel": null, "identity_type": null, "identity_image": "", "paid": false, "date": "2024-10-15"}}, {"model": "studentauth.studentprofile", "pk": "iFdYHTX", "fields": {"user": 10, "fullname": null, "student_id": null, "department": null, "email": null, "phone": null, "image": "default.jpeg", "gender": null, "country": null, "city": null, "state": null, "postal_code": null, "address": null, "hostel": null, "identity_type": null, "identity_image": "", "paid": false, "date": "2024-10-19"}}, {"model": "studentauth.studentprofile", "pk": "iHzrEAg", "fields": {"user": 8, "fullname": null, "student_id": null, "department": null, "email": null, "phone": null, "image": "default.jpeg", "gender": null, "country": null, "city": null, "state": null, "postal_code": null, "address": null, "hostel": null, "identity_type": null, "identity_image": "", "paid": false, "date": "2024-10-19"}}, {"model": "studentauth.studentprofile", "pk": "mzmMQE6", "fields": {"user": 3, "fullname": null, "student_id": "m7934", "department": null, "email": null, "phone": null, "image": "default.jpeg", "gender": null, "country": null, "city": null, "state": null, "postal_code": null, "address": null, "hostel": null, "identity_type": null, "identity_image": "", "paid": false, "date": "2024-09-06"}}, {"model": "studentauth.studentprofile", "pk": "sBvDpIw", "fields": {"user": 13, "fullname": "Michael Ogaje", "student_id": null, "department": null, "email": null, "phone": "Michael Ogaje", "image": "user_13/13_IMG_2048.jpeg.jpeg", "gender": null, "country": null, "city": null, "state": null, "postal_code": null, "address": null, "hostel": null, "identity_type": null, "identity_image": "", "paid": false, "date": "2024-11-09"}}, {"model": "studentauth.studentprofile", "pk": "vl5vN0I", "fields": {"user": 5, "fullname": null, "student_id": null, "department": null, "email": null, "phone": null, "image": "default.jpeg", "gender": null, "country": null, "city": null, "state": null, "postal_code": null, "address": null, "hostel": null, "identity_type": null, "identity_image": "", "paid": false, "date": "2024-09-21"}}, {"model": "studentauth.studentprofile", "pk": "xKbXG7x", "fields": {"user": 4, "fullname": null, "student_id": null, "department": null, "email": null, "phone": null, "image": "default.jpeg", "gender": null, "country": null, "city": null, "state": null, "postal_code": null, "address": null, "hostel": null, "identity_type": null, "identity_image": "", "paid": false, "date": "2024-09-15"}}]
